Workbook

Sheet Tabel Gaji Guru Tetap
C1: 1300000 | D1: 1400000 | E1: 1350000 | F1: 1450000 | G1: 1400000 | H1: 1500000
A2: Tabel Gaji Pokok Guru Tetap YPWI Luwu Timur
A4: Jenjang | B4: Konversi | C4: Masa Kerja/Pendidikan
C5: 2 tahun | E5: 3 - 4 Tahun | G5: 5 - 6 Tahun | I5: 7 - 8 Tahun | K5: 9-10 Tahun
C6: SMA | D6: S1 | E6: SMA | F6: S1 | G6: SMA | H6: S1 | I6: SMA | J6: S1 | K6: SMA | L6: S1
A7: TK | B7: 50000 | C7: 500000 | D7: =C7+400000 -> 900000 | E7: =C7+$B7 -> 550000 | F7: =D7+$B7 -> 950000 | G7: =E7+$B7 -> 600000 | H7: =F7+$B7 -> 1000000 | I7: =G7+$B7 -> 650000 | J7: =H7+$B7 -> 1050000 | K7: =I7+$B7 -> 700000 | L7: =J7+$B7 -> 1100000
A8: SD | B8: 50000 | C8: 800000 | D8: =C8+1000000 -> 1800000 | E8: =C8+$B8 -> 850000 | F8: =D8+$B8 -> 1850000 | G8: =E8+$B8 -> 900000 | H8: =F8+$B8 -> 1900000 | I8: =G8+$B8 -> 950000 | J8: =H8+$B8 -> 1950000 | K8: =I8+$B8 -> 1000000 | L8: =J8+$B8 -> 2000000
A9: SMP | B9: 50000 | C9: 500000 | D9: =C9+400000 -> 900000 | E9: =C9+$B9 -> 550000 | F9: =D9+$B9 -> 950000 | G9: =E9+$B9 -> 600000 | H9: =F9+$B9 -> 1000000 | I9: =G9+$B9 -> 650000 | J9: =H9+$B9 -> 1050000 | K9: =I9+$B9 -> 700000 | L9: =J9+$B9 -> 1100000
A10: SMA/PONPES | B10: 50000 | C10: 500000 | D10: =C10+400000 -> 900000 | E10: =C10+$B10 -> 550000 | F10: =D10+$B10 -> 950000 | G10: =E10+$B10 -> 600000 | H10: =F10+$B10 -> 1000000 | I10: =G10+$B10 -> 650000 | J10: =H10+$B10 -> 1050000 | K10: =I10+$B10 -> 700000 | L10: =J10+$B10 -> 1100000
A12: Jenjang | B12: Konversi | C12: Masa Kerja/Pendidikan
C13: 11 - 12 Tahun | E13: 13-14 Tahun | G13: 15-16 Tahun | I13: 17-18 tahun | K13: 19-20 tahun
C14: SMA | D14: S1 | E14: SMA | F14: S1 | G14: SMA | H14: S1 | I14: SMA | J14: S1 | K14: SMA | L14: S1
A15: TK | B15: 50000 | C15: =$K7+$B15 -> 750000 | D15: =$L7+$B15 -> 1150000 | E15: =C15+$B15 -> 800000 | F15: =D15+$B15 -> 1200000 | G15: =E15+$B15 -> 850000 | H15: =F15+$B15 -> 1250000 | I15: =G15+$B15 -> 900000 | J15: =H15+$B15 -> 1300000 | K15: =I15+$B15 -> 950000 | L15: =J15+$B15 -> 1350000
A16: SD | B16: 50000 | C16: =$K8+$B16 -> 1050000 | D16: =$L8+$B16 -> 2050000 | E16: =C16+$B16 -> 1100000 | F16: =D16+$B16 -> 2100000 | G16: =E16+$B16 -> 1150000 | H16: =F16+$B16 -> 2150000 | I16: =G16+$B16 -> 1200000 | J16: =H16+$B16 -> 2200000 | K16: =I16+$B16 -> 1250000 | L16: =J16+$B16 -> 2250000
A17: SMP | B17: 50000 | C17: =$K9+$B17 -> 750000 | D17: =$L9+$B17 -> 1150000 | E17: =C17+$B17 -> 800000 | F17: =D17+$B17 -> 1200000 | G17: =E17+$B17 -> 850000 | H17: =F17+$B17 -> 1250000 | I17: =G17+$B17 -> 900000 | J17: =H17+$B17 -> 1300000 | K17: =I17+$B17 -> 950000 | L17: =J17+$B17 -> 1350000
A18: SMA/PONPES | B18: 50000 | C18: =$K10+$B18 -> 750000 | D18: =$L10+$B18 -> 1150000 | E18: =C18+$B18 -> 800000 | F18: =D18+$B18 -> 1200000 | G18: =E18+$B18 -> 850000 | H18: =F18+$B18 -> 1250000 | I18: =G18+$B18 -> 900000 | J18: =H18+$B18 -> 1300000 | K18: =I18+$B18 -> 950000 | L18: =J18+$B18 -> 1350000
J20: Ketua YPWI Luwu Timur
J23: Sudarsono, S.Ag

Sheet Tabel Gaji Kontrak
B1: 1 | D1: 3
B2: SMA | C2: S1 | D2: SMA | E2: S1
A3: TK | B3: 1000000 | C3: 1050000 | D3: 1050000 | E3: 1100000
A4: SD | B4: 1300000 | C4: 1400000 | D4: 1350000 | E4: 1450000
A5: SMP | B5: 1300000 | C5: 1400000 | D5: 1350000 | E5: 1450000
A6: Tabel Gaji Pokok Guru Kontrak YPWI Luwu Timur
A8: Jenjang | B8: Masa Kerja/Pendidikan
B9: ≤ 1 Tahun | D9: 1 - 3 Tahun
B10: SMA | C10: S1 | D10: SMA | E10: S1
A11: TK | B11: 300000 | C11: 500000 | D11: =B11+50000 -> 350000 | E11: =C11+50000 -> 550000
A12: SD | B12: 300000 | C12: 500000 | D12: =B12+50000 -> 350000 | E12: =C12+50000 -> 550000
A13: SMP | B13: 300000 | C13: 500000 | D13: =B13+50000 -> 350000 | E13: =C13+50000 -> 550000
A14: SMA/PONPES | B14: 300000 | C14: 500000 | D14: =B14+50000 -> 350000 | E14: =C14+50000 -> 550000

Sheet Data Base TK Malili
A1: DATA BASE TENAGA PEGAWAI
A2: YAYASAN PENDIDIKAN
A3: UNIT TKIT
A4: TAHUN AJARAN 2026-2027
A6: No | B6: Nama | C6: Jenis Kelamin | D6: Tanggal Masuk | E6: Today | F6: Masa Kerja | G6: Status Kepegawaian (PP/PK/PT/INVAL) | H6: Golongan Kepegawaian | I6: NUPTK | J6: Jabatan | K6: NIY | L6: Tempat Kelahiran | M6: Tanggal Lahir | N6: Usia | O6: NIK | P6: Alamat KTP | Q6: Alamat Domisili Sekarang | R6: Ijazah Terakhir | S6: Ijazah Terakhir / Jurusan / PT | T6: Status Pernikahan | U6: Nama Suami/Istri | V6: No. BPJS Kesehatan | W6: NPWP | X6: Jumlah Anak | Y6: No. Telp | AA6: Nama Murrobbi/Murobbiyah | AB6: E-Mail | AC6: Pengalaman Kerja | AD6: Pelatihan Yang telah diikuti | AE6: Skill (kemampuan) yang dimiliki | AF6: Skill (kemampuan) yang ingin ditingkatkan | AG6: Kemampuan Berbahasa Asing | AH6: Keterangan
Y7: Pribadi | Z7: Keluarga
A8: 1 | B8: SITI FARIDAH,S.Pd,Paud.,Gr | C8: PR | D8: 42552 | E8: =TODAY() -> 46244 | F8: =DATEDIF(D8,E8,"y")&" "&"Tahun"&" "&DATEDIF(D8,E8,"ym")&" "&"Bulan"&" "&DATEDIF(D8,E8,"md")&" "&"Hari" -> 10 Tahun 1 Bulan 9 Hari | G8: PT | J8: Kepsek | K8: 1802199006200805001 | L8: Jakarta | M8: 32922 | N8: =DATEDIF(M8,E8,"y")&" "&"Tahun"&" "&DATEDIF(M8,E8,"ym")&" "&"Bulan"&" "&DATEDIF(M8,E8,"md")&" "&"Hari" -> 36 Tahun 5 Bulan 23 Hari | P8: 0 | R8: S1 | T8: Menikah | V8: - | W8: 0 | X8: 0 | AB8: 0 | AC8: 0 | AD8: 0 | AE8: 0 | AF8: 0 | AG8: 0
A9: 2 | B9: IDAYATI,S.Pd.Gr | C9: PR | D9: 44409 | E9: =TODAY() -> 46244 | F9: =DATEDIF(D9,E9,"y")&" "&"Tahun"&" "&DATEDIF(D9,E9,"ym")&" "&"Bulan"&" "&DATEDIF(D9,E9,"md")&" "&"Hari" -> 5 Tahun 0 Bulan 9 Hari | G9: PT | J9: Bendahara/Wali Kelas | K9: 1911199708202105005 | L9: Pare-pare | M9: 35753 | N9: =DATEDIF(M9,E9,"y")&" "&"Tahun"&" "&DATEDIF(M9,E9,"ym")&" "&"Bulan"&" "&DATEDIF(M9,E9,"md")&" "&"Hari" -> 28 Tahun 8 Bulan 22 Hari | P9: 0 | R9: S1 | T9: Menikah | V9: 0 | W9: 0 | X9: 1 | Z9: 0 | AB9: 0 | AC9: 0 | AD9: 0 | AE9: 0 | AF9: 0 | AG9: 0
A10: 3 | B10: NURHIDAYANTY,SE | C10: PR | D10: 44753 | E10: =TODAY() -> 46244 | F10: =DATEDIF(D10,E10,"y")&" "&"Tahun"&" "&DATEDIF(D10,E10,"ym")&" "&"Bulan"&" "&DATEDIF(D10,E10,"md")&" "&"Hari" -> 4 Tahun 0 Bulan 30 Hari | G10: PT | J10: Wali Kelas | K10: 2112199206202205006 | L10: Pangkep | M10: 33959 | N10: =DATEDIF(M10,E10,"y")&" "&"Tahun"&" "&DATEDIF(M10,E10,"ym")&" "&"Bulan"&" "&DATEDIF(M10,E10,"md")&" "&"Hari" -> 33 Tahun 7 Bulan 20 Hari | P10: 0 | R10: S1 | T10: Menikah | V10: 0 | W10: 0 | X10: 0 | Z10: 0 | AB10: 0 | AC10: 0 | AD10: 0 | AE10: 0 | AF10: 0 | AG10: 0
A11: 4 | B11: NURMIANTI | C11: PR | D11: 45483 | E11: =TODAY() -> 46244 | F11: =DATEDIF(D11,E11,"y")&" "&"Tahun"&" "&DATEDIF(D11,E11,"ym")&" "&"Bulan"&" "&DATEDIF(D11,E11,"md")&" "&"Hari" -> 2 Tahun 1 Bulan 0 Hari | G11: PT | J11: Wali Kelas | K11: 1604199207202405008 | L11: Turmandi | M11: 33710 | N11: =DATEDIF(M11,E11,"y")&" "&"Tahun"&" "&DATEDIF(M11,E11,"ym")&" "&"Bulan"&" "&DATEDIF(M11,E11,"md")&" "&"Hari" -> 34 Tahun 3 Bulan 25 Hari | P11: 0 | R11: S1 | T11: Menikah | V11: 0 | W11: 0 | X11: 2 | Z11: 0 | AB11: 0 | AC11: 0 | AD11: 0 | AE11: 0 | AF11: 0 | AG11: 0
A12: 5 | B12: FITRIANI | C12: PR | D12: 45847 | E12: =TODAY() -> 46244 | F12: =DATEDIF(D12,E12,"y")&" "&"Tahun"&" "&DATEDIF(D12,E12,"ym")&" "&"Bulan"&" "&DATEDIF(D12,E12,"md")&" "&"Hari" -> 1 Tahun 1 Bulan 1 Hari | G12: PK | J12: Wali Kelas | M12: 35279 | N12: =DATEDIF(M12,E12,"y")&" "&"Tahun"&" "&DATEDIF(M12,E12,"ym")&" "&"Bulan"&" "&DATEDIF(M12,E12,"md")&" "&"Hari" -> 30 Tahun 0 Bulan 8 Hari | P12: 0 | R12: SMA | T12: Menikah | V12: 0 | W12: 0 | X12: 1 | Z12: 0 | AB12: 0 | AC12: 0 | AD12: 0 | AE12: 0 | AF12: 0 | AG12: 0
A13: 6 | B13: NURAINI PUSPITA,S.Pdi | C13: PR | D13: 45923 | E13: =TODAY() -> 46244 | F13: =DATEDIF(D13,E13,"y")&" "&"Tahun"&" "&DATEDIF(D13,E13,"ym")&" "&"Bulan"&" "&DATEDIF(D13,E13,"md")&" "&"Hari" -> 0 Tahun 10 Bulan 18 Hari | G13: PK | J13: Wali Kelas | L13: Luwu Timur | N13: =DATEDIF(M13,E13,"y")&" "&"Tahun"&" "&DATEDIF(M13,E13,"ym")&" "&"Bulan"&" "&DATEDIF(M13,E13,"md")&" "&"Hari" -> 126 Tahun 7 Bulan 10 Hari | P13: 0 | R13: S1 | T13: Belum Menikah | V13: 0 | W13: 0 | X13: 0 | Z13: 0 | AB13: 0 | AC13: 0 | AD13: 0 | AE13: 0 | AF13: 0 | AG13: 0

Sheet TK Malili
A1: DRAFT STRUKTUR KAFALAH TK
A2: TAHUN AJARAN 2026-2027
B3: Periode 26 Juni 2026 s/d 25 Juli 2026 | AJ3: 125000
B4: TKIT INSAN RABBANI | L4: Blok Merah kena Pelanggaran
B5: =TODAY() -> 46244 | L5: Blok Kuning Cuti
A6: A. PEGAWAI TETAP YAYASAN (BERHENTI/DIBERHENTIKAN)
A7: 1 | B7: 2 | C7: 3 | D7: 4 | E7: 5 | F7: 6 | G7: 7 | H7: 8 | I7: 9 | J7: 10 | K7: 11 | L7: 12 | M7: 13 | N7: 14 | O7: 15 | P7: 16 | Q7: 17 | R7: 18 | S7: 19 | T7: 20 | U7: 21 | V7: 22 | W7: 23 | X7: 24 | Y7: 25 | Z7: 26 | AA7: 27 | AB7: 28 | AC7: 29 | AD7: 30 | AE7: 31 | AF7: 32 | AG7: 33 | AH7: 34 | AI7: 35 | AJ7: 36 | AK7: 37 | AL7: 38 | AM7: 39 | AN7: 40 | AO7: 41 | AP7: 42 | AQ7: 43 | AR7: 44 | AS7: 45 | AT7: 46 | AU7: 47 | AV7: 48 | AW7: 49
A8: NO | B8: NAMA | C8: Jabatan | D8: Kehadiran Real | E8: HARI EFEKTIF | F8: KEHADIRAN | G8: TIDAK HADIR | H8: TEPAT WAKTU DATANG | I8: TERLAMBAT | J8: TIDAK ABSEN MASUK | K8: TIDAK CEPAT PULANG | L8: CEPAT PULANG | M8: TIDAK ABSEN PULANG | N8: DURASI SIM-T & Keterlambatan Mengajar | O8: KJM | P8: Starata | Q8: LAMA MENGABDI | R8: Jumlah Pengabdian | S8: Status Pegawai | T8: PENDAPATAN WAJIB | X8: TOTAL 1 | Y8: PENDAPATAN INSENTIF | AL8: TOTAL 2 | AM8: JUMLAH PENDAPATAN (TOTAL 1, 2,) | AN8: PEMOTONGAN | AU8: JUMLAH PEMOTONGAN | AV8: NAMA | AW8: TOTAL KAFALAH YANG DITERIMA
T9: KAFALAH POKOK | U9: TUNJ. KELUARGA | Y9: TUNJ. STRUKTURAL JABATAN | Z9: TUNJ. PENGABDIAN | AA9: TUNJ. FUNGSIONAL | AE9: TOTAL TUNJ. FUNGSIONAL | AF9: TUNJ. TRANSPORTASI | AG9: TUNJ. TEPAT WAKTU DATANG | AH9: TUNJ. TIDAK CEPAT PULANG | AI9: TUNJ. KJM | AJ9: TUNJ. PRESTASI KINERJA | AK9: TUNJ. APRESIASI | AN9: PEMOTONGAN LUAR TANGGUNGAN | AO9: Persen (%) Cuti Luar Tanggungan | AP9: DURASI SIM-T | AQ9: Jumlah Pemotongan SIM-T | AR9: Ta`awun | AS9: PINJAMAN | AT9: Predikat Kinerja
U10: ISTRI | V10: JML ANAK | W10: ANAK | AA10: 1 | AB10: 2 | AC10: 3 | AD10: 4
A11: 1 | B11: ='Data Base TK Malili'!B8 -> SITI FARIDAH,S.Pd,Paud.,Gr | C11: ='Data Base TK Malili'!J8 -> Kepsek | D11: =F11+I11 -> 23 | E11: 24 | F11: =E11-G11-I11 -> 22 | G11: 1 | H11: =E11-G11-I11-J11 -> 21 | I11: 1 | J11: 1 | K11: =E11-G11-L11-M11 -> 21 | L11: 1 | M11: 1 | N11: 0 | P11: ='Data Base TK Malili'!R8 -> S1 | Q11: ='Data Base TK Malili'!F8 -> 10 Tahun 1 Bulan 9 Hari | R11: 10 | S11: ='Data Base TK Malili'!G8 -> PT | T11: 1100000 | V11: ='Data Base TK Malili'!X8 -> 0 | W11: =V11*20000 -> 0 | X11: =T11+U11+W11 -> 1100000 | Y11: 500000 | Z11: 150000 | AA11: 100000 | AE11: =SUM(AA11:AD11) -> 100000 | AF11: =F11*7000 -> 154000 | AG11: =H11*5000 -> 105000 | AH11: =K11*5000 -> 105000 | AI11: =O11*5000 -> 0 | AJ11: 150000 | AK11: 0 | AL11: =SUM(Y11,Z11,AE11,AF11,AG11,AH11,AI11,AJ11) -> 1264000 | AM11: =X11+AL11 -> 2364000 | AN11: =AM11*AO11 -> 0 | AP11: =N11 -> 0 | AQ11: =AO11*AP11 -> 0 | AR11: 0 | AS11: 0 | AT11: A | AU11: =SUM(AN11,AQ11,AR11,AS11) -> 0 | AV11: =B11 -> SITI FARIDAH,S.Pd,Paud.,Gr | AW11: =AM11-AU11 -> 2364000
A12: 2 | B12: ='Data Base TK Malili'!B9 -> IDAYATI,S.Pd.Gr | C12: ='Data Base TK Malili'!J9 -> Bendahara/Wali Kelas | D12: =F12+I12 -> 24 | E12: 24 | F12: =E12-G12-I12 -> 24 | G12: 0 | H12: =E12-G12-I12-J12 -> 24 | I12: 0 | J12: 0 | K12: =E12-G12-L12-M12 -> 24 | L12: 0 | M12: 0 | N12: 0 | P12: ='Data Base TK Malili'!R9 -> S1 | Q12: ='Data Base TK Malili'!F9 -> 5 Tahun 0 Bulan 9 Hari | R12: 5 | S12: ='Data Base TK Malili'!G9 -> PT | T12: 1000000 | V12: ='Data Base TK Malili'!X9 -> 1 | W12: =V12*20000 -> 20000 | X12: =T12+U12+W12 -> 1020000 | AA12: 100000 | AE12: =SUM(AA12:AD12) -> 100000 | AF12: =F12*7000 -> 168000 | AG12: =H12*5000 -> 120000 | AH12: =K12*5000 -> 120000 | AI12: =O12*5000 -> 0 | AJ12: 150000 | AK12: 0 | AL12: =SUM(Y12,Z12,AE12,AF12,AG12,AH12,AI12,AJ12) -> 658000 | AM12: =X12+AL12 -> 1678000 | AN12: =AM12*AO12 -> 0 | AP12: =N12 -> 0 | AQ12: =AO12*AP12 -> 0 | AR12: 0 | AS12: 0 | AT12: A | AU12: =SUM(AN12,AQ12,AR12,AS12) -> 0 | AV12: =B12 -> IDAYATI,S.Pd.Gr | AW12: =AM12-AU12 -> 1678000
A13: 3 | B13: ='Data Base TK Malili'!B10 -> NURHIDAYANTY,SE | C13: ='Data Base TK Malili'!J10 -> Wali Kelas | D13: =F13+I13 -> 24 | E13: 24 | F13: =E13-G13-I13 -> 24 | G13: 0 | H13: =E13-G13-I13-J13 -> 24 | I13: 0 | J13: 0 | K13: =E13-G13-L13-M13 -> 24 | L13: 0 | M13: 0 | N13: 0 | P13: ='Data Base TK Malili'!R10 -> S1 | Q13: ='Data Base TK Malili'!F10 -> 4 Tahun 0 Bulan 30 Hari | R13: 4 | S13: ='Data Base TK Malili'!G10 -> PT | T13: 950000 | V13: ='Data Base TK Malili'!X10 -> 0 | W13: =V13*20000 -> 0 | X13: =T13+U13+W13 -> 950000 | AA13: 100000 | AE13: =SUM(AA13:AD13) -> 100000 | AF13: =F13*7000 -> 168000 | AG13: =H13*5000 -> 120000 | AH13: =K13*5000 -> 120000 | AI13: =O13*5000 -> 0 | AJ13: 150000 | AK13: 0 | AL13: =SUM(Y13,Z13,AE13,AF13,AG13,AH13,AI13,AJ13) -> 658000 | AM13: =X13+AL13 -> 1608000 | AN13: =AM13*AO13 -> 0 | AP13: =N13 -> 0 | AQ13: =AO13*AP13 -> 0 | AR13: 0 | AS13: 0 | AT13: A | AU13: =SUM(AN13,AQ13,AR13,AS13) -> 0 | AV13: =B13 -> NURHIDAYANTY,SE | AW13: =AM13-AU13 -> 1608000
A14: 4 | B14: ='Data Base TK Malili'!B11 -> NURMIANTI | C14: ='Data Base TK Malili'!J11 -> Wali Kelas | D14: =F14+I14 -> 24 | E14: 24 | F14: =E14-G14-I14 -> 24 | G14: 0 | H14: =E14-G14-I14-J14 -> 24 | I14: 0 | J14: 0 | K14: =E14-G14-L14-M14 -> 24 | L14: 0 | M14: 0 | N14: 0 | P14: ='Data Base TK Malili'!R11 -> S1 | Q14: ='Data Base TK Malili'!F11 -> 2 Tahun 1 Bulan 0 Hari | R14: 2 | S14: ='Data Base TK Malili'!G11 -> PT | T14: 900000 | V14: ='Data Base TK Malili'!X11 -> 2 | W14: =V14*20000 -> 40000 | X14: =T14+U14+W14 -> 940000 | AA14: 100000 | AE14: =SUM(AA14:AD14) -> 100000 | AF14: =F14*7000 -> 168000 | AG14: =H14*5000 -> 120000 | AH14: =K14*5000 -> 120000 | AI14: =O14*5000 -> 0 | AJ14: 150000 | AK14: 0 | AL14: =SUM(Y14,Z14,AE14,AF14,AG14,AH14,AI14,AJ14) -> 658000 | AM14: =X14+AL14 -> 1598000 | AN14: =AM14*AO14 -> 0 | AP14: =N14 -> 0 | AQ14: =AO14*AP14 -> 0 | AR14: 0 | AS14: 0 | AT14: A | AU14: =SUM(AN14,AQ14,AR14,AS14) -> 0 | AV14: =B14 -> NURMIANTI | AW14: =AM14-AU14 -> 1598000
A15: 5 | B15: ='Data Base TK Malili'!B12 -> FITRIANI | C15: ='Data Base TK Malili'!J12 -> Wali Kelas | D15: =F15+I15 -> 24 | E15: 24 | F15: =E15-G15-I15 -> 24 | G15: 0 | H15: =E15-G15-I15-J15 -> 24 | I15: 0 | J15: 0 | K15: =E15-G15-L15-M15 -> 24 | L15: 0 | M15: 0 | N15: 0 | P15: ='Data Base TK Malili'!R12 -> SMA | Q15: ='Data Base TK Malili'!F12 -> 1 Tahun 1 Bulan 1 Hari | R15: 1 | S15: ='Data Base TK Malili'!G12 -> PK | T15: 300000 | V15: ='Data Base TK Malili'!X12 -> 1 | W15: =V15*20000 -> 20000 | X15: =T15+U15+W15 -> 320000 | AA15: 100000 | AE15: =SUM(AA15:AD15) -> 100000 | AF15: =F15*7000 -> 168000 | AG15: =H15*5000 -> 120000 | AH15: =K15*5000 -> 120000 | AI15: =O15*5000 -> 0 | AJ15: 150000 | AK15: 0 | AL15: =SUM(Y15,Z15,AE15,AF15,AG15,AH15,AI15,AJ15) -> 658000 | AM15: =X15+AL15 -> 978000 | AN15: =AM15*AO15 -> 0 | AP15: =N15 -> 0 | AQ15: =AO15*AP15 -> 0 | AR15: 0 | AS15: 0 | AT15: A | AU15: =SUM(AN15,AQ15,AR15,AS15) -> 0 | AV15: =B15 -> FITRIANI | AW15: =AM15-AU15 -> 978000
A16: 6 | B16: ='Data Base TK Malili'!B13 -> NURAINI PUSPITA,S.Pdi | C16: ='Data Base TK Malili'!J13 -> Wali Kelas | D16: =F16+I16 -> 24 | E16: 24 | F16: =E16-G16-I16 -> 24 | G16: 0 | H16: =E16-G16-I16-J16 -> 24 | I16: 0 | J16: 0 | K16: =E16-G16-L16-M16 -> 24 | L16: 0 | M16: 0 | N16: 0 | P16: ='Data Base TK Malili'!R13 -> S1 | Q16: ='Data Base TK Malili'!F13 -> 0 Tahun 10 Bulan 18 Hari | R16: 0 | S16: ='Data Base TK Malili'!G13 -> PK | T16: 500000 | V16: ='Data Base TK Malili'!X13 -> 0 | W16: =V16*20000 -> 0 | X16: =T16+U16+W16 -> 500000 | AA16: 100000 | AE16: =SUM(AA16:AD16) -> 100000 | AF16: =F16*7000 -> 168000 | AG16: =H16*5000 -> 120000 | AH16: =K16*5000 -> 120000 | AI16: =O16*5000 -> 0 | AJ16: 150000 | AK16: 0 | AL16: =SUM(Y16,Z16,AE16,AF16,AG16,AH16,AI16,AJ16) -> 658000 | AM16: =X16+AL16 -> 1158000 | AN16: =AM16*AO16 -> 0 | AP16: =N16 -> 0 | AQ16: =AO16*AP16 -> 0 | AR16: 0 | AS16: 0 | AT16: A | AU16: =SUM(AN16,AQ16,AR16,AS16) -> 0 | AV16: =B16 -> NURAINI PUSPITA,S.Pdi | AW16: =AM16-AU16 -> 1158000
A17: 7 | B17: ='Data Base TK Malili'!B14 -> 0 | C17: ='Data Base TK Malili'!J14 -> 0 | N17: 0 | P17: ='Data Base TK Malili'!R14 -> 0 | Q17: ='Data Base TK Malili'!F14 -> 0 | AE17: =SUM(AA17:AD17) -> 0 | AF17: =F17*7000 -> 0 | AG17: =H17*5000 -> 0 | AH17: =K17*5000 -> 0 | AI17: =O17*5000 -> 0 | AK17: 0 | AL17: =SUM(Y17,Z17,AE17,AF17,AG17,AH17,AI17,AJ17) -> 0 | AM17: =X17+AL17 -> 0 | AN17: =AM17*AO17 -> 0 | AP17: =N17 -> 0 | AQ17: =AO17*AP17 -> 0 | AR17: 0 | AS17: 0 | AT17: A | AU17: =SUM(AN17,AQ17,AR17,AS17) -> 0 | AV17: =B17 -> 0 | AW17: =AM17-AU17 -> 0
A18: 8 | B18: ='Data Base TK Malili'!B15 -> 0 | C18: ='Data Base TK Malili'!J15 -> 0 | N18: 0 | P18: ='Data Base TK Malili'!R15 -> 0 | Q18: ='Data Base TK Malili'!F15 -> 0 | AE18: =SUM(AA18:AD18) -> 0 | AF18: =F18*7000 -> 0 | AG18: =H18*5000 -> 0 | AH18: =K18*5000 -> 0 | AI18: =O18*5000 -> 0 | AK18: 0 | AL18: =SUM(Y18,Z18,AE18,AF18,AG18,AH18,AI18,AJ18) -> 0 | AM18: =X18+AL18 -> 0 | AN18: =AM18*AO18 -> 0 | AP18: =N18 -> 0 | AQ18: =AO18*AP18 -> 0 | AR18: 0 | AS18: 0 | AT18: A | AU18: =SUM(AN18,AQ18,AR18,AS18) -> 0 | AV18: =B18 -> 0 | AW18: =AM18-AU18 -> 0
C19: ='Data Base TK Malili'!J16 -> 0 | AW19: =SUM(AW11:AW18) -> 9384000
B20: ='Data Base Guru SD'!B44 -> 0 | Q20: ='Data Base Guru SD'!F44 -> 0

Sheet Slip Gaji TK
D3: RINCIAN PENDAPATAN | H3: 1
D4: A. Pendapatan Wajib
D5: 1. Gaji Pokok | E5: =IF(LEN(VLOOKUP(H3,'TK Malili'!$A$11:$AX$49,20,FALSE))=0," ",VLOOKUP(H3,'TK Malili'!$A$11:$AX$49,20,FALSE)) -> 1100000
D6: 2. Istri | E6: =IF(LEN(VLOOKUP(H3,'TK Malili'!$A$11:$AW$49,21,FALSE))=0," ",VLOOKUP(H3,'TK Malili'!$A$11:$AW$49,21,FALSE))
A7: SLIP GAJI | D7: 3. Anak | E7: =IF(LEN(VLOOKUP(H3,'TK Malili'!$A$11:$AW$49,23,FALSE))=0,"0",VLOOKUP(H3,'TK Malili'!$A$11:$AW$49,23,FALSE)) -> 0
A8: No | B8: =IF(LEN(VLOOKUP(H3,'TK Malili'!$A$11:$AX$49,1,FALSE))=0," ",VLOOKUP(H3,'TK Malili'!$A$11:$AX$49,1,FALSE)) -> 1 | D8: Total A | E8: =SUM(E5:E7) -> 1100000
A9: Nama | B9: =IF(LEN(VLOOKUP(H3,'TK Malili'!$A$11:$AX$49,2,FALSE))=0," ",VLOOKUP(H3,'TK Malili'!$A$11:$AX$49,2,FALSE)) -> SITI FARIDAH,S.Pd,Paud.,Gr | D9: B. Tunjangan Pendapatan
D10: 1. Stuktural | E10: =IF(LEN(VLOOKUP(H3,'TK Malili'!$A$11:$AW$49,25,FALSE))=0,"0",VLOOKUP(H3,'TK Malili'!$A$11:$AW$49,25,FALSE)) -> 500000
A11: ='TK Malili'!B3 -> Periode 26 Juni 2026 s/d 25 Juli 2026 | D11: 2. Pengabdian | E11: =IF(LEN(VLOOKUP(H3,'TK Malili'!$A$11:$AW$49,26,FALSE))=0,"0",VLOOKUP(H3,'TK Malili'!$A$11:$AW$49,26,FALSE)) -> 150000
A12: ='TK Malili'!B4 -> TKIT INSAN RABBANI | D12: 3. Fungsional | E12: =IF(LEN(VLOOKUP(H3,'TK Malili'!$A$11:$AW$49,31,FALSE))=0,"0",VLOOKUP(H3,'TK Malili'!$A$11:$AW$49,31,FALSE)) -> 100000
A13: Hari Efektif Kerja | C13: =IF(LEN(VLOOKUP(H3,'TK Malili'!$A$11:$AX$49,5,FALSE))=0," ",VLOOKUP(H3,'TK Malili'!$A$11:$AX$49,5,FALSE)) -> 24 | D13: 4. Pendapatan Hari Efektif :
A14: Kehadiran | C14: =IF(LEN(VLOOKUP(H3,'TK Malili'!$A$11:$AX$49,6,FALSE))=0," ",VLOOKUP(H3,'TK Malili'!$A$11:$AX$49,6,FALSE)) -> 22 | D14: a. Absensi Kedatangan | E14: =IF(LEN(VLOOKUP(H3,'TK Malili'!$A$11:$AW$49,33,FALSE))=0,"0",VLOOKUP(H3,'TK Malili'!$A$11:$AW$49,33,FALSE)) -> 105000
A15: Tidak Hadir | C15: =IF(LEN(VLOOKUP(H3,'TK Malili'!$A$11:$AX$49,7,FALSE))=0," ",VLOOKUP(H3,'TK Malili'!$A$11:$AX$49,7,FALSE)) -> 1 | D15: b. Absensi Kepulangan | E15: =IF(LEN(VLOOKUP(H3,'TK Malili'!$A$11:$AW$49,34,FALSE))=0,"0",VLOOKUP(H3,'TK Malili'!$A$11:$AW$49,34,FALSE)) -> 105000
A16: Hadir Terlambat | C16: =IF(LEN(VLOOKUP(H3,'TK Malili'!$A$11:$AX$49,9,FALSE))=0," ",VLOOKUP(H3,'TK Malili'!$A$11:$AX$49,9,FALSE)) -> 1 | D16: c. Transportasi | E16: =IF(LEN(VLOOKUP(H3,'TK Malili'!$A$11:$AW$49,32,FALSE))=0,"0",VLOOKUP(H3,'TK Malili'!$A$11:$AW$49,32,FALSE)) -> 154000
A17: Tidak Absen Pulang | C17: =IF(LEN(VLOOKUP(H3,'TK Malili'!$A$11:$AX$49,13,FALSE))=0," ",VLOOKUP(H3,'TK Malili'!$A$11:$AX$49,13,FALSE)) -> 1 | D17: 5. KJM | E17: =IF(LEN(VLOOKUP(H3,'TK Malili'!$A$11:$AW$49,35,FALSE))=0,"0",VLOOKUP(H3,'TK Malili'!$A$11:$AW$49,35,FALSE)) -> 0
A18: Tidak Absen Masuk | C18: =IF(LEN(VLOOKUP(H3,'TK Malili'!$A$11:$AX$49,10,FALSE))=0," ",VLOOKUP(H3,'TK Malili'!$A$11:$AX$49,10,FALSE)) -> 1 | D18: 7. Penilaian Kinerja | E18: =IF(LEN(VLOOKUP(H3,'TK Malili'!$A$11:$AW$49,36,FALSE))=0,"0",VLOOKUP(H3,'TK Malili'!$A$11:$AW$49,36,FALSE)) -> 150000
A19: Cepat Pulang | C19: =IF(LEN(VLOOKUP(H3,'TK Malili'!$A$11:$AX$49,12,FALSE))=0," ",VLOOKUP(H3,'TK Malili'!$A$11:$AX$49,12,FALSE)) -> 1 | D19: 8. Tunjangan Apresiasi | E19: =IF(LEN(VLOOKUP(H3,'TK Malili'!$A$11:$AW$49,37,FALSE))=0,"0",VLOOKUP(H3,'TK Malili'!$A$11:$AW$49,37,FALSE)) -> 0
A20: Predikat Kinerja | C20: =IF(LEN(VLOOKUP(H3,'TK Malili'!$A$11:$AX$49,46,FALSE))=0,"0",VLOOKUP(H3,'TK Malili'!$A$11:$AX$49,46,FALSE)) -> A
A21: " Hai orang-orang beriman, makanlah diantara rezeki yang baik-baik kami berikan kepadamu dan bersyukurlah kepada Allah, jika benar-benar kepada Nya kamu menyembah
D24: Total B | E24: =SUM(E10:E23) -> 1264000
A25: Dicetak : | B25: ='TK Malili'!B4 -> TKIT INSAN RABBANI | D25: C. Pemotongan
D26: 1. Ta`awun | E26: =IF(LEN(VLOOKUP(H3,'TK Malili'!$A$11:$AW$49,44,FALSE))=0,"0",VLOOKUP(H3,'TK Malili'!$A$11:$AW$49,44,FALSE)) -> 0
D27: 2. SIM-T | E27: =IF(LEN(VLOOKUP(H3,'TK Malili'!$A$11:$AW$49,43,FALSE))=0,"0",VLOOKUP(H3,'TK Malili'!$A$11:$AW$49,43,FALSE)) -> 0
D28: 3. Pinjaman | E28: =IF(LEN(VLOOKUP(H3,'TK Malili'!$A$11:$AW$49,45,FALSE))=0,"0",VLOOKUP(H3,'TK Malili'!$A$11:$AW$49,45,FALSE)) -> 0
D29: 4. Pemotongan Luar Cuti | E29: =IF(LEN(VLOOKUP(H3,'TK Malili'!$A$11:$AW$49,40,FALSE))=0,"0",VLOOKUP(H3,'TK Malili'!$A$11:$AW$49,40,FALSE)) -> 0
D30: Total C | E30: =SUM(E26:E29) -> 0
B31: Bendahar Yayasan | D31: Rekapitulasi Akhir
D32: Total A,B | E32: =SUM(E8,E24) -> 2364000
D33: Total C | E33: =E30 -> 0
D34: Total Pendapatan | E34: =E32-E33 -> 2364000

Sheet REKAP KAFALAH TK
A1: REKAPAN KAFALAH BULAN
A2: ='TK Malili'!B3 -> Periode 26 Juni 2026 s/d 25 Juli 2026
A3: ='TK Malili'!B4 -> TKIT INSAN RABBANI
A4: NO | B4: NAMA | C4: TOTAL PENDAPATAN WAJIB | D4: TOTAL PENDAPATAN INSENTIF | E4: POTONGAN | F4: TOTAL KAFALAH YANG DITERIMA
A5: 1 | B5: ='TK Malili'!B11 -> SITI FARIDAH,S.Pd,Paud.,Gr | C5: ='TK Malili'!X11 -> 1100000 | D5: ='TK Malili'!AL11 -> 1264000 | E5: ='TK Malili'!AU11 -> 0 | F5: ='TK Malili'!AW11 -> 2364000
A6: 2 | B6: ='TK Malili'!B12 -> IDAYATI,S.Pd.Gr | C6: ='TK Malili'!X12 -> 1020000 | D6: ='TK Malili'!AL12 -> 658000 | E6: ='TK Malili'!AU12 -> 0 | F6: ='TK Malili'!AW12 -> 1678000
A7: 3 | B7: ='TK Malili'!B13 -> NURHIDAYANTY,SE | C7: ='TK Malili'!X13 -> 950000 | D7: ='TK Malili'!AL13 -> 658000 | E7: ='TK Malili'!AU13 -> 0 | F7: ='TK Malili'!AW13 -> 1608000
A8: 4 | B8: ='TK Malili'!B14 -> NURMIANTI | C8: ='TK Malili'!X14 -> 940000 | D8: ='TK Malili'!AL14 -> 658000 | E8: ='TK Malili'!AU14 -> 0 | F8: ='TK Malili'!AW14 -> 1598000
A9: 5 | B9: ='TK Malili'!B15 -> FITRIANI | C9: ='TK Malili'!X15 -> 320000 | D9: ='TK Malili'!AL15 -> 658000 | E9: ='TK Malili'!AU15 -> 0 | F9: ='TK Malili'!AW15 -> 978000
A10: 6 | B10: ='TK Malili'!B16 -> NURAINI PUSPITA,S.Pdi | C10: ='TK Malili'!X16 -> 500000 | D10: ='TK Malili'!AL16 -> 658000 | E10: ='TK Malili'!AU16 -> 0 | F10: ='TK Malili'!AW16 -> 1158000
A11: 7 | B11: ='TK Malili'!B17 -> 0 | C11: ='TK Malili'!X17 -> 0 | D11: ='TK Malili'!AL17 -> 0 | E11: ='TK Malili'!AU17 -> 0 | F11: ='TK Malili'!AW17 -> 0
A12: Total | F12: =SUM(F5:F11) -> 9384000

Sheet Data Base Guru SD
A1: DATA BASE TENAGA PEGAWAI
A2: YAYASAN PENDIDIKAN
A3: UNIT SD IT
A4: TAHUN AJARAN 2024-2025
A6: No | B6: Nama | C6: Jenis Kelamin | D6: Tanggal Masuk | E6: Today | F6: Masa Kerja | G6: Status Kepegawaian (PP/PK/PT/INVAL) | H6: Golongan Kepegawaian | I6: NUPTK | J6: Jabatan | K6: NIY | L6: Tempat Kelahiran | M6: Tanggal Lahir | N6: Usia | O6: NIK | P6: Alamat KTP | Q6: Alamat Domisili Sekarang | R6: Ijazah Terakhir | S6: Ijazah Terakhir / Jurusan / PT | T6: Status Pernikahan | U6: Nama Suami/Istri | V6: No. BPJS Kesehatan | W6: NPWP | X6: Jumlah Anak | Y6: No. Telp | AA6: Nama Murrobbi/Murobbiyah | AB6: E-Mail | AC6: Pengalaman Kerja | AD6: Pelatihan Yang telah diikuti | AE6: Skill (kemampuan) yang dimiliki | AF6: Skill (kemampuan) yang ingin ditingkatkan | AG6: Kemampuan Berbahasa Asing | AH6: Keterangan
Y7: Pribadi | Z7: Keluarga
A8: 1 | B8: Hasmiati, S.Pd | C8: PR | D8: 41456 | E8: =TODAY() -> 46244 | F8: =DATEDIF(D8,E8,"y")&" "&"Tahun"&" "&DATEDIF(D8,E8,"ym")&" "&"Bulan"&" "&DATEDIF(D8,E8,"md")&" "&"Hari" -> 13 Tahun 1 Bulan 9 Hari | G8: PT | J8: Wali Kelas ( Mengaji ) | K8: 0109197905201302005 | L8: Macorawalie | M8: 29099 | N8: =DATEDIF(M8,E8,"y")&" "&"Tahun"&" "&DATEDIF(M8,E8,"ym")&" "&"Bulan"&" "&DATEDIF(M8,E8,"md")&" "&"Hari" -> 46 Tahun 11 Bulan 9 Hari | P8: 0 | R8: S1 | S8: S1/BHS.INDONESIA/STKIP MUHAMMADIYAH/2002 | T8: Menikah | U8: Sudarsono | V8: - | W8: 0 | X8: 7 | AB8: 0 | AC8: 0 | AD8: 0 | AE8: 0 | AF8: 0 | AG8: 0
A9: 2 | B9: Nur Fajriani Usman, S.S | C9: PR | D9: 42552 | E9: =TODAY() -> 46244 | F9: =DATEDIF(D9,E9,"y")&" "&"Tahun"&" "&DATEDIF(D9,E9,"ym")&" "&"Bulan"&" "&DATEDIF(D9,E9,"md")&" "&"Hari" -> 10 Tahun 1 Bulan 9 Hari | G9: PT | J9: Wali Kelas ( Mengaji ) | K9: 1212199307201602010 | L9: Same | M9: 34315 | N9: =DATEDIF(M9,E9,"y")&" "&"Tahun"&" "&DATEDIF(M9,E9,"ym")&" "&"Bulan"&" "&DATEDIF(M9,E9,"md")&" "&"Hari" -> 32 Tahun 7 Bulan 29 Hari | P9: 0 | R9: S1 | T9: Menikah | U9: Hawis | V9: 0 | W9: 0 | X9: 2 | Z9: 0 | AB9: 0 | AC9: 0 | AD9: 0 | AE9: 0 | AF9: 0 | AG9: 0
A10: 3 | B10: Ade Asmi Pratiwi, SE | C10: PR | D10: 42736 | E10: =TODAY() -> 46244 | F10: =DATEDIF(D10,E10,"y")&" "&"Tahun"&" "&DATEDIF(D10,E10,"ym")&" "&"Bulan"&" "&DATEDIF(D10,E10,"md")&" "&"Hari" -> 9 Tahun 7 Bulan 9 Hari | G10: PT | J10: Wali Kelas ( Mengaji ) | K10: 3010199301201702011 | L10: Balantang | M10: 31613 | N10: =DATEDIF(M10,E10,"y")&" "&"Tahun"&" "&DATEDIF(M10,E10,"ym")&" "&"Bulan"&" "&DATEDIF(M10,E10,"md")&" "&"Hari" -> 40 Tahun 0 Bulan 21 Hari | P10: 0 | R10: S1 | T10: Belum Menikah | V10: 0 | W10: 0 | X10: 0 | Z10: 0 | AB10: 0 | AC10: 0 | AD10: 0 | AE10: 0 | AF10: 0 | AG10: 0
A11: 4 | B11: Asrina, S.Pd | C11: PR | D11: 42917 | E11: =TODAY() -> 46244 | F11: =DATEDIF(D11,E11,"y")&" "&"Tahun"&" "&DATEDIF(D11,E11,"ym")&" "&"Bulan"&" "&DATEDIF(D11,E11,"md")&" "&"Hari" -> 9 Tahun 1 Bulan 9 Hari | G11: PT | J11: Wali Kelas ( Mengaji ) | K11: 2908198307201702015 | L11: Sungguminasa | M11: 30557 | N11: =DATEDIF(M11,E11,"y")&" "&"Tahun"&" "&DATEDIF(M11,E11,"ym")&" "&"Bulan"&" "&DATEDIF(M11,E11,"md")&" "&"Hari" -> 42 Tahun 11 Bulan 12 Hari | P11: 0 | R11: S1 | T11: Menikah | V11: 0 | W11: 0 | X11: 2 | Z11: 0 | AB11: 0 | AC11: 0 | AD11: 0 | AE11: 0 | AF11: 0 | AG11: 0
A12: 5 | B12: Andi Kastiar Latif, S.Pd | C12: PR | D12: 42917 | E12: =TODAY() -> 46244 | F12: =DATEDIF(D12,E12,"y")&" "&"Tahun"&" "&DATEDIF(D12,E12,"ym")&" "&"Bulan"&" "&DATEDIF(D12,E12,"md")&" "&"Hari" -> 9 Tahun 1 Bulan 9 Hari | G12: PT | J12: Wali Kelas ( Mengaji ) | K12: 2312199307201702013 | L12: Sabah | M12: 35279 | N12: =DATEDIF(M12,E12,"y")&" "&"Tahun"&" "&DATEDIF(M12,E12,"ym")&" "&"Bulan"&" "&DATEDIF(M12,E12,"md")&" "&"Hari" -> 30 Tahun 0 Bulan 8 Hari | P12: 0 | R12: S1 | T12: Menikah | V12: 0 | W12: 0 | X12: 2 | Z12: 0 | AB12: 0 | AC12: 0 | AD12: 0 | AE12: 0 | AF12: 0 | AG12: 0
A13: 6 | B13: Harmawati. B, S.Pd | C13: PR | D13: 42917 | E13: =TODAY() -> 46244 | F13: =DATEDIF(D13,E13,"y")&" "&"Tahun"&" "&DATEDIF(D13,E13,"ym")&" "&"Bulan"&" "&DATEDIF(D13,E13,"md")&" "&"Hari" -> 9 Tahun 1 Bulan 9 Hari | G13: PT | J13: Wali Kelas ( Mengaji ) | K13: 3012199407201702014 | L13: Malili | M13: 34698 | N13: =DATEDIF(M13,E13,"y")&" "&"Tahun"&" "&DATEDIF(M13,E13,"ym")&" "&"Bulan"&" "&DATEDIF(M13,E13,"md")&" "&"Hari" -> 31 Tahun 7 Bulan 11 Hari | P13: 0 | R13: SMA | T13: Menikah | V13: 0 | W13: 0 | X13: 3 | Z13: 0 | AB13: 0 | AC13: 0 | AD13: 0 | AE13: 0 | AF13: 0 | AG13: 0
A14: 7 | B14: Nurazizah,S.Pd | C14: PR | D14: 42736 | E14: =TODAY() -> 46244 | F14: =DATEDIF(D14,E14,"y")&" "&"Tahun"&" "&DATEDIF(D14,E14,"ym")&" "&"Bulan"&" "&DATEDIF(D14,E14,"md")&" "&"Hari" -> 9 Tahun 7 Bulan 9 Hari | G14: PT | J14: Mengaji | K14: 2907199001201702016 | L14: Makassar | M14: 33083 | N14: =DATEDIF(M14,E14,"y")&" "&"Tahun"&" "&DATEDIF(M14,E14,"ym")&" "&"Bulan"&" "&DATEDIF(M14,E14,"md")&" "&"Hari" -> 36 Tahun 0 Bulan 12 Hari | P14: 0 | R14: S1 | T14: Menikah | V14: 0 | W14: 0 | X14: 0 | Z14: 0 | AB14: 0 | AC14: 0 | AD14: 0 | AE14: 0 | AF14: 0 | AG14: 0
A15: 8 | B15: Sri Rahayu, S.Pd | C15: PR | D15: 43132 | E15: =TODAY() -> 46244 | F15: =DATEDIF(D15,E15,"y")&" "&"Tahun"&" "&DATEDIF(D15,E15,"ym")&" "&"Bulan"&" "&DATEDIF(D15,E15,"md")&" "&"Hari" -> 8 Tahun 6 Bulan 9 Hari | G15: PT | J15: Mapel (Mengaji ) | K15: 2110199502201802018 | L15: Barantang | M15: 31341 | N15: =DATEDIF(M15,E15,"y")&" "&"Tahun"&" "&DATEDIF(M15,E15,"ym")&" "&"Bulan"&" "&DATEDIF(M15,E15,"md")&" "&"Hari" -> 40 Tahun 9 Bulan 20 Hari | P15: 0 | R15: S1 | T15: Menikah | V15: 0 | W15: 0 | X15: 0 | Z15: 0 | AB15: 0 | AC15: 0 | AD15: 0 | AE15: 0 | AF15: 0 | AG15: 0
A16: 9 | B16: Susilawati, S.Pd | C16: PR | D16: 43160 | E16: =TODAY() -> 46244 | F16: =DATEDIF(D16,E16,"y")&" "&"Tahun"&" "&DATEDIF(D16,E16,"ym")&" "&"Bulan"&" "&DATEDIF(D16,E16,"md")&" "&"Hari" -> 8 Tahun 5 Bulan 9 Hari | G16: PT | J16: Mapel (Mengaji ) | K16: 0709199003201802020 | L16: Malaysia | M16: 33123 | N16: =DATEDIF(M16,E16,"y")&" "&"Tahun"&" "&DATEDIF(M16,E16,"ym")&" "&"Bulan"&" "&DATEDIF(M16,E16,"md")&" "&"Hari" -> 35 Tahun 11 Bulan 3 Hari | P16: 0 | R16: S1 | T16: Menikah | V16: 0 | W16: 0 | X16: 3 | Z16: 0 | AB16: 0 | AC16: 0 | AD16: 0 | AE16: 0 | AF16: 0 | AG16: 0
A17: 10 | B17: Rismawati, S.Pd | C17: PR | D17: 43282 | E17: =TODAY() -> 46244 | F17: =DATEDIF(D17,E17,"y")&" "&"Tahun"&" "&DATEDIF(D17,E17,"ym")&" "&"Bulan"&" "&DATEDIF(D17,E17,"md")&" "&"Hari" -> 8 Tahun 1 Bulan 9 Hari | G17: PT | J17: Wali Kelas ( Mengaji ) | K17: 2505199507201802022 | L17: Malili | M17: 34844 | N17: =DATEDIF(M17,E17,"y")&" "&"Tahun"&" "&DATEDIF(M17,E17,"ym")&" "&"Bulan"&" "&DATEDIF(M17,E17,"md")&" "&"Hari" -> 31 Tahun 2 Bulan 16 Hari | P17: 0 | R17: S1 | T17: Belum Menikah | V17: 0 | W17: 0 | X17: 0 | Z17: 0 | AB17: 0 | AC17: 0 | AD17: 0 | AE17: 0 | AF17: 0 | AG17: 0
A18: 11 | B18: Ertika, S.Pd | C18: PR | D18: 43101 | E18: =TODAY() -> 46244 | F18: =DATEDIF(D18,E18,"y")&" "&"Tahun"&" "&DATEDIF(D18,E18,"ym")&" "&"Bulan"&" "&DATEDIF(D18,E18,"md")&" "&"Hari" -> 8 Tahun 7 Bulan 9 Hari | G18: PT | J18: Wali Kelas ( Mengaji ) | K18: 2703199607202502064 | L18: Tondojolo | M18: 35152 | N18: =DATEDIF(M18,E18,"y")&" "&"Tahun"&" "&DATEDIF(M18,E18,"ym")&" "&"Bulan"&" "&DATEDIF(M18,E18,"md")&" "&"Hari" -> 30 Tahun 4 Bulan 13 Hari | P18: 0 | R18: S1 | T18: Menikah | V18: 0 | W18: 0 | X18: 2 | Z18: 0 | AB18: 0 | AC18: 0 | AD18: 0 | AE18: 0 | AF18: 0 | AG18: 0
A19: 12 | B19: Kurniati, A.MA, Pd. OR | C19: PR | D19: 43374 | E19: =TODAY() -> 46244 | F19: =DATEDIF(D19,E19,"y")&" "&"Tahun"&" "&DATEDIF(D19,E19,"ym")&" "&"Bulan"&" "&DATEDIF(D19,E19,"md")&" "&"Hari" -> 7 Tahun 10 Bulan 9 Hari | G19: PT | J19: Mapel | K19: 0512198010201802024 | L19: Sorowako | M19: 29560 | N19: =DATEDIF(M19,E19,"y")&" "&"Tahun"&" "&DATEDIF(M19,E19,"ym")&" "&"Bulan"&" "&DATEDIF(M19,E19,"md")&" "&"Hari" -> 45 Tahun 8 Bulan 5 Hari | P19: 0 | R19: S1 | T19: Belum Menikah | V19: 0 | W19: 0 | X19: 0 | Z19: 0 | AB19: 0 | AC19: 0 | AD19: 0 | AE19: 0 | AF19: 0 | AG19: 0
A20: 13 | B20: Uppi Erniati H, S.Pd | C20: PR | D20: 43466 | E20: =TODAY() -> 46244 | F20: =DATEDIF(D20,E20,"y")&" "&"Tahun"&" "&DATEDIF(D20,E20,"ym")&" "&"Bulan"&" "&DATEDIF(D20,E20,"md")&" "&"Hari" -> 7 Tahun 7 Bulan 9 Hari | G20: PT | J20: Wali Kelas | K20: 1410198901201902026 | L20: Cerekang | M20: 32795 | N20: =DATEDIF(M20,E20,"y")&" "&"Tahun"&" "&DATEDIF(M20,E20,"ym")&" "&"Bulan"&" "&DATEDIF(M20,E20,"md")&" "&"Hari" -> 36 Tahun 9 Bulan 27 Hari | P20: 0 | R20: S1 | T20: Menikah | V20: 0 | W20: 0 | X20: 3 | Z20: 0 | AA20: 0 | AB20: 0 | AC20: 0 | AD20: 0 | AE20: 0 | AF20: 0 | AG20: 0
A21: 14 | B21: Dian Ekaviyanti Rusydi,SP | C21: PR | D21: 43647 | E21: =TODAY() -> 46244 | F21: =DATEDIF(D21,E21,"y")&" "&"Tahun"&" "&DATEDIF(D21,E21,"ym")&" "&"Bulan"&" "&DATEDIF(D21,E21,"md")&" "&"Hari" -> 7 Tahun 1 Bulan 9 Hari | G21: PT | J21: Wali Kelas ( Mengaji ) | K21: 0407198501201902027 | L21: Selayar | M21: 31232 | N21: =DATEDIF(M21,E21,"y")&" "&"Tahun"&" "&DATEDIF(M21,E21,"ym")&" "&"Bulan"&" "&DATEDIF(M21,E21,"md")&" "&"Hari" -> 41 Tahun 1 Bulan 6 Hari | P21: 0 | R21: S1 | T21: Menikah | V21: 0 | W21: 0 | X21: 4 | Z21: 0 | AA21: 0 | AB21: 0 | AC21: 0 | AD21: 0 | AE21: 0 | AF21: 0 | AG21: 0
A22: 15 | B22: Hasriani, S.Pd | C22: PR | D22: 43678 | E22: =TODAY() -> 46244 | F22: =DATEDIF(D22,E22,"y")&" "&"Tahun"&" "&DATEDIF(D22,E22,"ym")&" "&"Bulan"&" "&DATEDIF(D22,E22,"md")&" "&"Hari" -> 7 Tahun 0 Bulan 9 Hari | G22: PT | J22: Wali Kelas (Mengaji) | K22: 2303199508201902029 | L22: Kadong-kadong | M22: 34781 | N22: =DATEDIF(M22,E22,"y")&" "&"Tahun"&" "&DATEDIF(M22,E22,"ym")&" "&"Bulan"&" "&DATEDIF(M22,E22,"md")&" "&"Hari" -> 31 Tahun 4 Bulan 18 Hari | P22: 0 | R22: S1 | T22: Belum Menikah | V22: 0 | W22: 0 | X22: 0 | Z22: 0 | AA22: Darmawati | AB22: 0 | AC22: 0 | AD22: 0 | AE22: 0 | AF22: 0 | AG22: 0
A23: 16 | B23: Hildawati Dulla, S.Pd | C23: PR | D23: 43647 | E23: =TODAY() -> 46244 | F23: =DATEDIF(D23,E23,"y")&" "&"Tahun"&" "&DATEDIF(D23,E23,"ym")&" "&"Bulan"&" "&DATEDIF(D23,E23,"md")&" "&"Hari" -> 7 Tahun 1 Bulan 9 Hari | G23: PT | J23: Wali Kelas (Mengaji) | K23: 1612199501201902028 | L23: Kawata | M23: 35049 | N23: =DATEDIF(M23,E23,"y")&" "&"Tahun"&" "&DATEDIF(M23,E23,"ym")&" "&"Bulan"&" "&DATEDIF(M23,E23,"md")&" "&"Hari" -> 30 Tahun 7 Bulan 25 Hari | P23: 0 | R23: S1 | T23: Belum Menikah | V23: 0 | W23: 0 | X23: 0 | Z23: 085 237 314 250 | AA23: Akbar Ali, S. Pd.I | AB23: 0 | AC23: 0 | AD23: 0 | AE23: 0 | AF23: 0 | AG23: 0
A24: 17 | B24: Iin, S.Pd | C24: PR | D24: 43678 | E24: =TODAY() -> 46244 | F24: =DATEDIF(D24,E24,"y")&" "&"Tahun"&" "&DATEDIF(D24,E24,"ym")&" "&"Bulan"&" "&DATEDIF(D24,E24,"md")&" "&"Hari" -> 7 Tahun 0 Bulan 9 Hari | G24: PT | J24: Wali Kelas | K24: 2701199408201902031 | L24: Dadeko | M24: 34361 | N24: =DATEDIF(M24,E24,"y")&" "&"Tahun"&" "&DATEDIF(M24,E24,"ym")&" "&"Bulan"&" "&DATEDIF(M24,E24,"md")&" "&"Hari" -> 32 Tahun 6 Bulan 14 Hari | P24: 0 | R24: S1 | T24: Belum Menikah | V24: 0 | W24: 0 | X24: 2 | Z24: 0 | AA24: 0 | AB24: 0 | AC24: 0 | AD24: 0 | AE24: 0 | AF24: 0 | AG24: 0
A25: 18 | B25: Gisjawinta Ardo Maretza N | C25: PR | D25: 43647 | E25: =TODAY() -> 46244 | F25: =DATEDIF(D25,E25,"y")&" "&"Tahun"&" "&DATEDIF(D25,E25,"ym")&" "&"Bulan"&" "&DATEDIF(D25,E25,"md")&" "&"Hari" -> 7 Tahun 1 Bulan 9 Hari | G25: PT | J25: Wali Kelas (Mengaji) | K25: 2203199901201902030 | L25: Jayapura | M25: 36241 | N25: =DATEDIF(M25,E25,"y")&" "&"Tahun"&" "&DATEDIF(M25,E25,"ym")&" "&"Bulan"&" "&DATEDIF(M25,E25,"md")&" "&"Hari" -> 27 Tahun 4 Bulan 19 Hari | P25: 0 | R25: SMA | T25: Belum Menikah | V25: 0 | W25: 0 | X25: 0 | Z25: 0 | AA25: 0 | AB25: 0 | AC25: 0 | AD25: 0 | AE25: 0 | AF25: 0 | AG25: 0
A26: 19 | B26: Ita Nurhasanah S.Pd | C26: PR | D26: 44013 | E26: =TODAY() -> 46244 | F26: =DATEDIF(D26,E26,"y")&" "&"Tahun"&" "&DATEDIF(D26,E26,"ym")&" "&"Bulan"&" "&DATEDIF(D26,E26,"md")&" "&"Hari" -> 6 Tahun 1 Bulan 9 Hari | G26: PT | J26: Mapel (Mengaji) | K26: 1206199407202002031 | L26: Tawakua | M26: 34862 | N26: =DATEDIF(M26,E26,"y")&" "&"Tahun"&" "&DATEDIF(M26,E26,"ym")&" "&"Bulan"&" "&DATEDIF(M26,E26,"md")&" "&"Hari" -> 31 Tahun 1 Bulan 29 Hari | P26: 0 | R26: S1 | T26: Belum Menikah | V26: 0 | W26: 0 | X26: 0 | Z26: 0 | AA26: 0 | AB26: 0 | AC26: 0 | AD26: 0 | AE26: 0 | AF26: 0 | AG26: 0
A27: 20 | B27: Nurhaeni, S.Pd., M.Pd | C27: PR | D27: 45839 | E27: =TODAY() -> 46244 | F27: =DATEDIF(D27,E27,"y")&" "&"Tahun"&" "&DATEDIF(D27,E27,"ym")&" "&"Bulan"&" "&DATEDIF(D27,E27,"md")&" "&"Hari" -> 1 Tahun 1 Bulan 9 Hari | G27: PK | J27: Wali Kelas (Mengaji) | K27: 1509199606202502065 | L27: Bone | M27: 35323 | N27: =DATEDIF(M27,E27,"y")&" "&"Tahun"&" "&DATEDIF(M27,E27,"ym")&" "&"Bulan"&" "&DATEDIF(M27,E27,"md")&" "&"Hari" -> 29 Tahun 10 Bulan 26 Hari | P27: 0 | R27: S1 | T27: Belum Menikah | V27: 0 | W27: 0 | X27: 0 | Z27: 0 | AA27: Izzuddin, S. Pd.I | AB27: 0 | AC27: 0 | AD27: 0 | AE27: 0 | AF27: 0 | AG27: 0
A28: 21 | B28: Hidayatun Nisa S.Pd | C28: PR | D28: 44743 | E28: =TODAY() -> 46244 | F28: =DATEDIF(D28,E28,"y")&" "&"Tahun"&" "&DATEDIF(D28,E28,"ym")&" "&"Bulan"&" "&DATEDIF(D28,E28,"md")&" "&"Hari" -> 4 Tahun 1 Bulan 9 Hari | G28: PT | J28: Mapel(Mengaji) | K28: 0505200007202202050 | L28: Komba | M28: 36651 | N28: =DATEDIF(M28,E28,"y")&" "&"Tahun"&" "&DATEDIF(M28,E28,"ym")&" "&"Bulan"&" "&DATEDIF(M28,E28,"md")&" "&"Hari" -> 26 Tahun 3 Bulan 5 Hari | P28: 0 | R28: S1 | T28: Belum Menikah | V28: 0 | W28: 0 | X28: 0 | Z28: 0 | AA28: 0 | AB28: 0 | AC28: 0 | AD28: 0 | AE28: 0 | AF28: 0 | AG28: 0
A29: 22 | B29: Hizratul Laily S.H | C29: PR | D29: 44378 | E29: =TODAY() -> 46244 | F29: =DATEDIF(D29,E29,"y")&" "&"Tahun"&" "&DATEDIF(D29,E29,"ym")&" "&"Bulan"&" "&DATEDIF(D29,E29,"md")&" "&"Hari" -> 5 Tahun 1 Bulan 9 Hari | G29: PT | J29: Mapel(Mengaji) | K29: 0709199707202102038 | L29: Sumber Ase | M29: 35710 | N29: =DATEDIF(M29,E29,"y")&" "&"Tahun"&" "&DATEDIF(M29,E29,"ym")&" "&"Bulan"&" "&DATEDIF(M29,E29,"md")&" "&"Hari" -> 28 Tahun 10 Bulan 3 Hari | P29: 0 | R29: S1 | T29: Belum Menikah | V29: 0 | W29: 0 | X29: 0 | Z29: 0 | AA29: 0 | AB29: 0 | AC29: 0 | AD29: 0 | AE29: 0 | AF29: 0 | AG29: 0
A30: 23 | B30: Dwi Oktaviana S.Pd | C30: PR | D30: 44378 | E30: =TODAY() -> 46244 | F30: =DATEDIF(D30,E30,"y")&" "&"Tahun"&" "&DATEDIF(D30,E30,"ym")&" "&"Bulan"&" "&DATEDIF(D30,E30,"md")&" "&"Hari" -> 5 Tahun 1 Bulan 9 Hari | G30: PT | J30: Wali Kelas | K30: 2610199807202102040 | L30: Bone-bone | M30: 36094 | N30: =DATEDIF(M30,E30,"y")&" "&"Tahun"&" "&DATEDIF(M30,E30,"ym")&" "&"Bulan"&" "&DATEDIF(M30,E30,"md")&" "&"Hari" -> 27 Tahun 9 Bulan 15 Hari | P30: 0 | R30: S1 | T30: Belum Menikah | V30: 0 | W30: 0 | X30: 0 | Z30: 0 | AA30: Nurbayani | AB30: 0 | AC30: 0 | AD30: 0 | AE30: 0 | AF30: 0 | AG30: 0
A31: 24 | B31: Julianti S.Pd | C31: PR | D31: 44927 | E31: =TODAY() -> 46244 | F31: =DATEDIF(D31,E31,"y")&" "&"Tahun"&" "&DATEDIF(D31,E31,"ym")&" "&"Bulan"&" "&DATEDIF(D31,E31,"md")&" "&"Hari" -> 3 Tahun 7 Bulan 9 Hari | G31: PT | J31: Wali Kelas | K31: 1207200001202302053 | L31: Lakawali | M31: 36719 | N31: =DATEDIF(M31,E31,"y")&" "&"Tahun"&" "&DATEDIF(M31,E31,"ym")&" "&"Bulan"&" "&DATEDIF(M31,E31,"md")&" "&"Hari" -> 26 Tahun 0 Bulan 29 Hari | P31: 0 | R31: S1 | T31: Menikah | V31: 0 | W31: 0 | X31: 0 | Z31: 0 | AA31: Nurbayani | AB31: 0 | AC31: 0 | AD31: 0 | AE31: 0 | AF31: 0 | AG31: 0
A32: 25 | B32: Nadia Azzahrah | C32: PR | D32: 45474 | E32: =TODAY() -> 46244 | F32: =DATEDIF(D32,E32,"y")&" "&"Tahun"&" "&DATEDIF(D32,E32,"ym")&" "&"Bulan"&" "&DATEDIF(D32,E32,"md")&" "&"Hari" -> 2 Tahun 1 Bulan 9 Hari | G32: PK | J32: Guru Mapel (mengaji) | K32: 2703200607202402059 | L32: Wulasi | M32: 38803 | N32: =DATEDIF(M32,E32,"y")&" "&"Tahun"&" "&DATEDIF(M32,E32,"ym")&" "&"Bulan"&" "&DATEDIF(M32,E32,"md")&" "&"Hari" -> 20 Tahun 4 Bulan 14 Hari | P32: 0 | R32: SMA | T32: Belum Menikah | V32: 0 | W32: 0 | X32: 0 | Z32: 081 339 614 294 | AA32: Akbar Ali, S. Pd.I | AB32: 0 | AC32: 0 | AD32: 0 | AE32: 0 | AF32: 0 | AG32: 0
A33: 26 | B33: Nur Halisah Aminun S.Pd | C33: PR | D33: 44562 | E33: =TODAY() -> 46244 | F33: =DATEDIF(D33,E33,"y")&" "&"Tahun"&" "&DATEDIF(D33,E33,"ym")&" "&"Bulan"&" "&DATEDIF(D33,E33,"md")&" "&"Hari" -> 4 Tahun 7 Bulan 9 Hari | G33: PT | J33: Wali Kelas (Mengaji) | K33: 0604199901202202049 | L33: Malili | M33: 36256 | N33: =DATEDIF(M33,E33,"y")&" "&"Tahun"&" "&DATEDIF(M33,E33,"ym")&" "&"Bulan"&" "&DATEDIF(M33,E33,"md")&" "&"Hari" -> 27 Tahun 4 Bulan 4 Hari | O33: 0 | P33: 0 | R33: S1 | T33: Belum Menikah | V33: 0 | W33: 0 | X33: 0 | Z33: 0 | AA33: 0 | AB33: 0 | AC33: 0 | AD33: 0 | AE33: 0 | AF33: 0 | AG33: 0
A34: 27 | B34: Sri Mulyani S.Pd | C34: PR | D34: 44501 | E34: =TODAY() -> 46244 | F34: =DATEDIF(D34,E34,"y")&" "&"Tahun"&" "&DATEDIF(D34,E34,"ym")&" "&"Bulan"&" "&DATEDIF(D34,E34,"md")&" "&"Hari" -> 4 Tahun 9 Bulan 9 Hari | G34: PT | J34: Wali Kelas | K34: 1705199811202102046 | L34: Tator | M34: 35932 | N34: =DATEDIF(M34,E34,"y")&" "&"Tahun"&" "&DATEDIF(M34,E34,"ym")&" "&"Bulan"&" "&DATEDIF(M34,E34,"md")&" "&"Hari" -> 28 Tahun 2 Bulan 24 Hari | O34: 0 | P34: 0 | R34: S1 | T34: Belum Menikah | V34: 0 | W34: 0 | X34: 0 | Z34: 0 | AA34: 0 | AB34: 0 | AC34: 0 | AD34: 0 | AE34: 0 | AF34: 0 | AG34: 0
A35: 28 | B35: Saidatul Musayyadah S.Pd | C35: PR | D35: 44593 | E35: =TODAY() -> 46244 | F35: =DATEDIF(D35,E35,"y")&" "&"Tahun"&" "&DATEDIF(D35,E35,"ym")&" "&"Bulan"&" "&DATEDIF(D35,E35,"md")&" "&"Hari" -> 4 Tahun 6 Bulan 9 Hari | G35: PT | J35: Mapel (Mengaji) | K35: 0112199802202202048 | L35: Komba | M35: 36130 | N35: =DATEDIF(M35,E35,"y")&" "&"Tahun"&" "&DATEDIF(M35,E35,"ym")&" "&"Bulan"&" "&DATEDIF(M35,E35,"md")&" "&"Hari" -> 27 Tahun 8 Bulan 9 Hari | O35: 0 | P35: 0 | R35: S1 | T35: Belum Menikah | V35: 0 | W35: 0 | X35: 0 | Z35: 0 | AA35: 0 | AB35: 0 | AC35: 0 | AD35: 0 | AE35: 0 | AF35: 0 | AG35: 0
A36: 29 | B36: Reski Elvira Sari S.Pd | C36: PR | D36: 44805 | E36: =TODAY() -> 46244 | F36: =DATEDIF(D36,E36,"y")&" "&"Tahun"&" "&DATEDIF(D36,E36,"ym")&" "&"Bulan"&" "&DATEDIF(D36,E36,"md")&" "&"Hari" -> 3 Tahun 11 Bulan 9 Hari | G36: PT | J36: Wali kelas | K36: 0707199909202202052 | L36: Sorowako | M36: 36348 | N36: =DATEDIF(M36,E36,"y")&" "&"Tahun"&" "&DATEDIF(M36,E36,"ym")&" "&"Bulan"&" "&DATEDIF(M36,E36,"md")&" "&"Hari" -> 27 Tahun 1 Bulan 3 Hari | O36: 0 | P36: 0 | R36: S1 | T36: Belum Menikah | V36: 0 | W36: 0 | X36: 0 | Z36: 0 | AA36: 0 | AB36: 0 | AC36: 0 | AD36: 0 | AE36: 0 | AF36: 0 | AG36: 0
A37: 30 | B37: Andini Putri Patrisia | C37: PR | D37: 46054 | E37: =TODAY() -> 46244 | F37: =DATEDIF(D37,E37,"y")&" "&"Tahun"&" "&DATEDIF(D37,E37,"ym")&" "&"Bulan"&" "&DATEDIF(D37,E37,"md")&" "&"Hari" -> 0 Tahun 6 Bulan 9 Hari | G37: PK | J37: TU | M37: 0 | N37: =DATEDIF(M37,E37,"y")&" "&"Tahun"&" "&DATEDIF(M37,E37,"ym")&" "&"Bulan"&" "&DATEDIF(M37,E37,"md")&" "&"Hari" -> 126 Tahun 7 Bulan 10 Hari | O37: 0 | P37: 0 | R37: SMA | T37: Menikah | V37: 0 | W37: 0 | X37: 0 | Z37: 0 | AA37: 0 | AB37: 0 | AC37: 0 | AD37: 0 | AE37: 0 | AF37: 0 | AG37: 0
A38: 31 | B38: Maya Puspita Djasnah S.Pd | C38: PR | D38: 44805 | E38: =TODAY() -> 46244 | F38: =DATEDIF(D38,E38,"y")&" "&"Tahun"&" "&DATEDIF(D38,E38,"ym")&" "&"Bulan"&" "&DATEDIF(D38,E38,"md")&" "&"Hari" -> 3 Tahun 11 Bulan 9 Hari | G38: PT | J38: Wali Kelas | K38: 1903198709202202051 | L38: Palopo | M38: 31855 | N38: =DATEDIF(M38,E38,"y")&" "&"Tahun"&" "&DATEDIF(M38,E38,"ym")&" "&"Bulan"&" "&DATEDIF(M38,E38,"md")&" "&"Hari" -> 39 Tahun 4 Bulan 22 Hari | R38: S1 | T38: Menikah | V38: 0 | W38: 0 | X38: 2 | Z38: 0 | AA38: 0 | AB38: 0 | AC38: Pernah Mengajar di SDN 221 Cempa | AD38: 0 | AE38: 0 | AF38: 0 | AG38: 0
A39: 32 | B39: Elvira Fitriana S.Pd | C39: PR | D39: 45231 | E39: =TODAY() -> 46244 | F39: =DATEDIF(D39,E39,"y")&" "&"Tahun"&" "&DATEDIF(D39,E39,"ym")&" "&"Bulan"&" "&DATEDIF(D39,E39,"md")&" "&"Hari" -> 2 Tahun 9 Bulan 9 Hari | G39: PK | J39: Wali Kelas | K39: 2105199909202302057 | L39: Nabire | M39: 36301 | N39: =DATEDIF(M39,E39,"y")&" "&"Tahun"&" "&DATEDIF(M39,E39,"ym")&" "&"Bulan"&" "&DATEDIF(M39,E39,"md")&" "&"Hari" -> 27 Tahun 2 Bulan 20 Hari | R39: S1 | T39: Menikah | V39: 0 | W39: 0 | X39: 2 | Z39: 0 | AA39: 0 | AB39: kasma3546@gmail.com | AC39: 0 | AD39: 0 | AE39: 0 | AF39: 0 | AG39: 0
A40: 33 | B40: Maya Prasetya S.E | C40: PR | D40: 45231 | E40: =TODAY() -> 46244 | F40: =DATEDIF(D40,E40,"y")&" "&"Tahun"&" "&DATEDIF(D40,E40,"ym")&" "&"Bulan"&" "&DATEDIF(D40,E40,"md")&" "&"Hari" -> 2 Tahun 9 Bulan 9 Hari | G40: PK | J40: Guru Mapel (mengaji) | K40: 1303199809202302056 | L40: Rampoang | M40: 35867 | N40: =DATEDIF(M40,E40,"y")&" "&"Tahun"&" "&DATEDIF(M40,E40,"ym")&" "&"Bulan"&" "&DATEDIF(M40,E40,"md")&" "&"Hari" -> 28 Tahun 4 Bulan 28 Hari | R40: S1 | T40: Menikah | V40: 0 | W40: 0 | X40: 2 | Z40: 0 | AA40: 0 | AB40: jumatizan@gmail.com | AC40: 0 | AD40: 0 | AE40: Trik Matematika cepat & Tepat | AF40: 0 | AG40: 0
A41: 34 | B41: Muthia | C41: PR | D41: 45474 | E41: =TODAY() -> 46244 | F41: =DATEDIF(D41,E41,"y")&" "&"Tahun"&" "&DATEDIF(D41,E41,"ym")&" "&"Bulan"&" "&DATEDIF(D41,E41,"md")&" "&"Hari" -> 2 Tahun 1 Bulan 9 Hari | G41: PK | J41: Guru Mapel (mengaji) | K41: 2401200607202402060 | L41: Macrowalie | M41: 38741 | N41: =DATEDIF(M41,E41,"y")&" "&"Tahun"&" "&DATEDIF(M41,E41,"ym")&" "&"Bulan"&" "&DATEDIF(M41,E41,"md")&" "&"Hari" -> 20 Tahun 6 Bulan 17 Hari | R41: SMA | T41: Belum Menikah | V41: 0 | W41: 0 | X41: 0 | Z41: 0 | AA41: 0 | AB41: ditasafitri419@gmail.com | AC41: 0 | AD41: 0 | AE41: 0 | AF41: 0 | AG41: 0
A42: 35 | B42: Sabaria S.Pd | C42: PR | D42: 45566 | E42: =TODAY() -> 46244 | F42: =DATEDIF(D42,E42,"y")&" "&"Tahun"&" "&DATEDIF(D42,E42,"ym")&" "&"Bulan"&" "&DATEDIF(D42,E42,"md")&" "&"Hari" -> 1 Tahun 10 Bulan 9 Hari | G42: PK | J42: Wali kelas | K42: 1210199610202402062 | L42: Kalola | M42: 35350 | N42: =DATEDIF(M42,E42,"y")&" "&"Tahun"&" "&DATEDIF(M42,E42,"ym")&" "&"Bulan"&" "&DATEDIF(M42,E42,"md")&" "&"Hari" -> 29 Tahun 9 Bulan 29 Hari | R42: S1 | T42: Menikah | V42: 0 | W42: 0 | X42: 1 | Z42: 0 | AA42: 0 | AB42: nuraisyahustar@gmail.com | AC42: 0 | AD42: 0 | AE42: 0 | AF42: 0 | AG42: 0
A43: 36 | B43: Hera Nasruddin, S.Pd | C43: PR | D43: 45870 | E43: =TODAY() -> 46244 | F43: =DATEDIF(D43,E43,"y")&" "&"Tahun"&" "&DATEDIF(D43,E43,"ym")&" "&"Bulan"&" "&DATEDIF(D43,E43,"md")&" "&"Hari" -> 1 Tahun 0 Bulan 9 Hari | G43: PK | J43: Guru Mapel (mengaji) | K43: 2408200008202502066 | L43: Takalar | M43: 36762 | N43: =DATEDIF(M43,E43,"y")&" "&"Tahun"&" "&DATEDIF(M43,E43,"ym")&" "&"Bulan"&" "&DATEDIF(M43,E43,"md")&" "&"Hari" -> 25 Tahun 11 Bulan 17 Hari | R43: S1 | T43: Belum Menikah | V43: 0 | W43: 0 | X43: 0 | AA43: 0 | AB43: nafsiamarasabessy94@gmail.com | AC43: Guru di SMPIT Wihdatul Ummah Takalar | AD43: 0 | AE43: Desain Grafis ( Corel Draw ) | AF43: 0 | AG43: 0

Sheet SDIT IR Malili 
A1: DRAFT STRUKTUR KAFALAH SDIT INSAN RABBANI
A2: TAHUN AJARAN 2026-2027
B3: Periode 26 Juni 2026 s/d 25 Juli 2026 | AJ3: 125000
B4: SDIT INSAN RABBANI | L4: Blok Merah kena Pelanggaran
B5: =TODAY() -> 46244 | L5: Blok Kuning Cuti
A6: A. PEGAWAI TETAP YAYASAN (BERHENTI/DIBERHENTIKAN)
A7: 1 | B7: 2 | C7: 3 | D7: 4 | E7: 5 | F7: 6 | G7: 7 | H7: 8 | I7: 9 | J7: 10 | K7: 11 | L7: 12 | M7: 13 | N7: 14 | O7: 15 | P7: 16 | Q7: 17 | R7: 18 | S7: 19 | T7: 20 | U7: 21 | V7: 22 | W7: 23 | X7: 24 | Y7: 25 | Z7: 26 | AA7: 27 | AB7: 28 | AC7: 29 | AD7: 30 | AE7: 31 | AF7: 32 | AG7: 33 | AH7: 34 | AI7: 35 | AJ7: 36 | AK7: 37 | AL7: 38 | AM7: 39 | AN7: 40 | AO7: 41 | AP7: 42 | AQ7: 43 | AR7: 44 | AS7: 45 | AT7: 46 | AU7: 47 | AV7: 48 | AW7: 49
A8: NO | B8: NAMA | C8: Jabatan | D8: Kehadiran Real | E8: HARI EFEKTIF | F8: KEHADIRAN | G8: TIDAK HADIR | H8: TEPAT WAKTU DATANG | I8: TERLAMBAT | J8: TIDAK ABSEN MASUK | K8: TIDAK CEPAT PULANG | L8: CEPAT PULANG | M8: TIDAK ABSEN PULANG | N8: DURASI SIM-T & Keterlambatan Mengajar | O8: KJM | P8: Starata | Q8: LAMA MENGABDI | R8: Jumlah Pengabdian | S8: Status Pegawai | T8: PENDAPATAN WAJIB | X8: TOTAL 1 | Y8: PENDAPATAN INSENTIF | AL8: TOTAL 2 | AM8: JUMLAH PENDAPATAN (TOTAL 1, 2,) | AN8: PEMOTONGAN | AU8: JUMLAH PEMOTONGAN | AV8: NAMA | AW8: TOTAL KAFALAH YANG DITERIMA
T9: KAFALAH POKOK | U9: TUNJ. KELUARGA | Y9: TUNJ. STRUKTURAL JABATAN | Z9: TUNJ. PENGABDIAN | AA9: TUNJ. FUNGSIONAL | AE9: TOTAL TUNJ. FUNGSIONAL | AF9: TUNJ. TRANSPORTASI | AG9: TUNJ. TEPAT WAKTU DATANG | AH9: TUNJ. TIDAK CEPAT PULANG | AI9: TUNJ. KJM | AJ9: TUNJ. PRESTASI KINERJA | AK9: TUNJ. APRESIASI | AN9: PEMOTONGAN LUAR TANGGUNGAN | AO9: Persen (%) Cuti Luar Tanggungan | AP9: DURASI SIM-T | AQ9: Jumlah Pemotongan SIM-T | AR9: Ta`awun | AS9: PINJAMAN | AT9: Predikat Kinerja
U10: ISTRI | V10: JML ANAK | W10: ANAK | AA10: 1 | AB10: 2 | AC10: 3 | AD10: 4
A11: 1 | B11: ='Data Base Guru SD'!B8 -> Hasmiati, S.Pd | C11: ='Data Base Guru SD'!J8 -> Wali Kelas ( Mengaji ) | D11: =F11+I11 -> 24 | E11: 24 | F11: =E11-G11-I11 -> 24 | G11: 0 | H11: =E11-G11-I11-J11 -> 24 | I11: 0 | J11: 0 | K11: =E11-G11-L11-M11 -> 24 | L11: 0 | M11: 0 | O11: 48 | P11: ='Data Base Guru SD'!R8 -> S1 | Q11: ='Data Base Guru SD'!F8 -> 13 Tahun 1 Bulan 9 Hari | R11: 13 | S11: ='Data Base Guru SD'!G8 -> PT | T11: 2100000 | V11: ='Data Base Guru SD'!X8 -> 7 | W11: =V11*20000 -> 140000 | X11: =T11+U11+W11 -> 2240000 | Y11: 400000 | Z11: 175000 | AA11: 100000 | AE11: =SUM(AA11:AD11) -> 100000 | AF11: =F11*10000 -> 240000 | AG11: =H11*5000 -> 120000 | AH11: =K11*5000 -> 120000 | AI11: =O11*5000 -> 240000 | AJ11: 150000 | AK11: 0 | AL11: =SUM(Y11,Z11,AE11,AF11,AG11,AH11,AI11,AJ11) -> 1545000 | AM11: =X11+AL11 -> 3785000 | AN11: =AM11*AO11 -> 0 | AP11: =N11 -> 0 | AQ11: =AO11*AP11 -> 0 | AR11: 0 | AS11: 0 | AT11: A | AU11: =SUM(AN11,AQ11,AR11,AS11) -> 0 | AV11: =B11 -> Hasmiati, S.Pd | AW11: =AM11-AU11 -> 3785000
A12: 2 | B12: ='Data Base Guru SD'!B9 -> Nur Fajriani Usman, S.S | C12: ='Data Base Guru SD'!J9 -> Wali Kelas ( Mengaji ) | D12: =F12+I12 -> 24 | E12: 24 | F12: =E12-G12-I12 -> 24 | G12: 0 | H12: =E12-G12-I12-J12 -> 24 | I12: 0 | J12: 0 | K12: =E12-G12-L12-M12 -> 24 | L12: 0 | M12: 0 | O12: 48 | P12: ='Data Base Guru SD'!R9 -> S1 | Q12: ='Data Base Guru SD'!F9 -> 10 Tahun 1 Bulan 9 Hari | R12: 10 | S12: ='Data Base Guru SD'!G9 -> PT | T12: 2000000 | V12: ='Data Base Guru SD'!X9 -> 2 | W12: =V12*20000 -> 40000 | X12: =T12+U12+W12 -> 2040000 | Z12: 150000 | AA12: 100000 | AE12: =SUM(AA12:AD12) -> 100000 | AF12: =F12*10000 -> 240000 | AG12: =H12*5000 -> 120000 | AH12: =K12*5000 -> 120000 | AI12: =O12*5000 -> 240000 | AJ12: 150000 | AK12: 0 | AL12: =SUM(Y12,Z12,AE12,AF12,AG12,AH12,AI12,AJ12) -> 1120000 | AM12: =X12+AL12 -> 3160000 | AN12: =AM12*AO12 -> 0 | AP12: =N12 -> 0 | AQ12: =AO12*AP12 -> 0 | AS12: 0 | AT12: A | AU12: =SUM(AN12,AQ12,AR12,AS12) -> 0 | AV12: =B12 -> Nur Fajriani Usman, S.S | AW12: =AM12-AU12 -> 3160000
A13: 3 | B13: ='Data Base Guru SD'!B10 -> Ade Asmi Pratiwi, SE | C13: ='Data Base Guru SD'!J10 -> Wali Kelas ( Mengaji ) | D13: =F13+I13 -> 24 | E13: 24 | F13: =E13-G13-I13 -> 24 | G13: 0 | H13: =E13-G13-I13-J13 -> 24 | I13: 0 | J13: 0 | K13: =E13-G13-L13-M13 -> 24 | L13: 0 | M13: 0 | O13: 48 | P13: ='Data Base Guru SD'!R10 -> S1 | Q13: ='Data Base Guru SD'!F10 -> 9 Tahun 7 Bulan 9 Hari | R13: 9 | S13: ='Data Base Guru SD'!G10 -> PT | T13: 2000000 | V13: ='Data Base Guru SD'!X10 -> 0 | W13: =V13*20000 -> 0 | X13: =T13+U13+W13 -> 2000000 | Z13: 150000 | AA13: 100000 | AE13: =SUM(AA13:AD13) -> 100000 | AF13: =F13*10000 -> 240000 | AG13: =H13*5000 -> 120000 | AH13: =K13*5000 -> 120000 | AI13: =O13*5000 -> 240000 | AJ13: 150000 | AK13: 0 | AL13: =SUM(Y13,Z13,AE13,AF13,AG13,AH13,AI13,AJ13) -> 1120000 | AM13: =X13+AL13 -> 3120000 | AN13: =AM13*AO13 -> 0 | AP13: =N13 -> 0 | AQ13: =AO13*AP13 -> 0 | AS13: 0 | AT13: A | AU13: =SUM(AN13,AQ13,AR13,AS13) -> 0 | AV13: =B13 -> Ade Asmi Pratiwi, SE | AW13: =AM13-AU13 -> 3120000
A14: 4 | B14: ='Data Base Guru SD'!B11 -> Asrina, S.Pd | C14: ='Data Base Guru SD'!J11 -> Wali Kelas ( Mengaji ) | D14: =F14+I14 -> 24 | E14: 24 | F14: =E14-G14-I14 -> 24 | G14: 0 | H14: =E14-G14-I14-J14 -> 24 | I14: 0 | J14: 0 | K14: =E14-G14-L14-M14 -> 24 | L14: 0 | M14: 0 | O14: 48 | P14: ='Data Base Guru SD'!R11 -> S1 | Q14: ='Data Base Guru SD'!F11 -> 9 Tahun 1 Bulan 9 Hari | R14: 9 | S14: ='Data Base Guru SD'!G11 -> PT | T14: 2000000 | V14: ='Data Base Guru SD'!X11 -> 2 | W14: =V14*20000 -> 40000 | X14: =T14+U14+W14 -> 2040000 | Z14: 150000 | AA14: 100000 | AE14: =SUM(AA14:AD14) -> 100000 | AF14: =F14*10000 -> 240000 | AG14: =H14*5000 -> 120000 | AH14: =K14*5000 -> 120000 | AI14: =O14*5000 -> 240000 | AJ14: 150000 | AK14: 0 | AL14: =SUM(Y14,Z14,AE14,AF14,AG14,AH14,AI14,AJ14) -> 1120000 | AM14: =X14+AL14 -> 3160000 | AN14: =AM14*AO14 -> 0 | AP14: =N14 -> 0 | AQ14: =AO14*AP14 -> 0 | AS14: 0 | AT14: A | AU14: =SUM(AN14,AQ14,AR14,AS14) -> 0 | AV14: =B14 -> Asrina, S.Pd | AW14: =AM14-AU14 -> 3160000
A15: 5 | B15: ='Data Base Guru SD'!B12 -> Andi Kastiar Latif, S.Pd | C15: ='Data Base Guru SD'!J12 -> Wali Kelas ( Mengaji ) | D15: =F15+I15 -> 24 | E15: 24 | F15: =E15-G15-I15 -> 24 | G15: 0 | H15: =E15-G15-I15-J15 -> 24 | I15: 0 | J15: 0 | K15: =E15-G15-L15-M15 -> 24 | L15: 0 | M15: 0 | O15: 0 | P15: ='Data Base Guru SD'!R12 -> S1 | Q15: ='Data Base Guru SD'!F12 -> 9 Tahun 1 Bulan 9 Hari | R15: 9 | S15: ='Data Base Guru SD'!G12 -> PT | T15: 2000000 | V15: ='Data Base Guru SD'!X12 -> 2 | W15: =V15*20000 -> 40000 | X15: =T15+U15+W15 -> 2040000 | Y15: 800000 | Z15: 150000 | AE15: =SUM(AA15:AD15) -> 0 | AF15: =F15*10000 -> 240000 | AG15: =H15*5000 -> 120000 | AH15: =K15*5000 -> 120000 | AI15: =O15*5000 -> 0 | AJ15: 150000 | AK15: 0 | AL15: =SUM(Y15,Z15,AE15,AF15,AG15,AH15,AI15,AJ15) -> 1580000 | AM15: =X15+AL15 -> 3620000 | AN15: =AM15*AO15 -> 0 | AP15: =N15 -> 0 | AQ15: =AO15*AP15 -> 0 | AS15: 0 | AT15: A | AU15: =SUM(AN15,AQ15,AR15,AS15) -> 0 | AV15: =B15 -> Andi Kastiar Latif, S.Pd | AW15: =AM15-AU15 -> 3620000
A16: 6 | B16: ='Data Base Guru SD'!B13 -> Harmawati. B, S.Pd | C16: ='Data Base Guru SD'!J13 -> Wali Kelas ( Mengaji ) | D16: =F16+I16 -> 24 | E16: 24 | F16: =E16-G16-I16 -> 24 | G16: 0 | H16: =E16-G16-I16-J16 -> 24 | I16: 0 | J16: 0 | K16: =E16-G16-L16-M16 -> 24 | L16: 0 | M16: 0 | O16: 48 | P16: ='Data Base Guru SD'!R13 -> SMA | Q16: ='Data Base Guru SD'!F13 -> 9 Tahun 1 Bulan 9 Hari | R16: 9 | S16: ='Data Base Guru SD'!G13 -> PT | T16: 1000000 | V16: ='Data Base Guru SD'!X13 -> 3 | W16: =V16*20000 -> 60000 | X16: =T16+U16+W16 -> 1060000 | Z16: 150000 | AA16: 100000 | AE16: =SUM(AA16:AD16) -> 100000 | AF16: =F16*10000 -> 240000 | AG16: =H16*5000 -> 120000 | AH16: =K16*5000 -> 120000 | AI16: =O16*5000 -> 240000 | AJ16: 150000 | AK16: 0 | AL16: =SUM(Y16,Z16,AE16,AF16,AG16,AH16,AI16,AJ16) -> 1120000 | AM16: =X16+AL16 -> 2180000 | AN16: =AM16*AO16 -> 0 | AP16: =N16 -> 0 | AQ16: =AO16*AP16 -> 0 | AS16: 0 | AT16: A | AU16: =SUM(AN16,AQ16,AR16,AS16) -> 0 | AV16: =B16 -> Harmawati. B, S.Pd | AW16: =AM16-AU16 -> 2180000
A17: 7 | B17: ='Data Base Guru SD'!B14 -> Nurazizah,S.Pd | C17: ='Data Base Guru SD'!J14 -> Mengaji | D17: =F17+I17 -> 24 | E17: 24 | F17: =E17-G17-I17 -> 24 | G17: 0 | H17: =E17-G17-I17-J17 -> 24 | I17: 0 | J17: 0 | K17: =E17-G17-L17-M17 -> 24 | L17: 0 | M17: 0 | O17: 40 | P17: ='Data Base Guru SD'!R14 -> S1 | Q17: ='Data Base Guru SD'!F14 -> 9 Tahun 7 Bulan 9 Hari | R17: 9 | S17: ='Data Base Guru SD'!G14 -> PT | T17: 2000000 | V17: ='Data Base Guru SD'!X14 -> 0 | W17: =V17*20000 -> 0 | X17: =T17+U17+W17 -> 2000000 | Z17: 150000 | AE17: =SUM(AA17:AD17) -> 0 | AF17: =F17*10000 -> 240000 | AG17: =H17*5000 -> 120000 | AH17: =K17*5000 -> 120000 | AI17: =O17*5000 -> 200000 | AJ17: 150000 | AK17: 0 | AL17: =SUM(Y17,Z17,AE17,AF17,AG17,AH17,AI17,AJ17) -> 980000 | AM17: =X17+AL17 -> 2980000 | AN17: =AM17*AO17 -> 0 | AP17: =N17 -> 0 | AQ17: =AO17*AP17 -> 0 | AS17: 0 | AT17: A | AU17: =SUM(AN17,AQ17,AR17,AS17) -> 0 | AV17: =B17 -> Nurazizah,S.Pd | AW17: =AM17-AU17 -> 2980000
A18: 8 | B18: ='Data Base Guru SD'!B15 -> Sri Rahayu, S.Pd | C18: ='Data Base Guru SD'!J15 -> Mapel (Mengaji ) | D18: =F18+I18 -> 24 | E18: 24 | F18: =E18-G18-I18 -> 24 | G18: 0 | H18: =E18-G18-I18-J18 -> 24 | I18: 0 | J18: 0 | K18: =E18-G18-L18-M18 -> 24 | L18: 0 | M18: 0 | O18: 56 | P18: ='Data Base Guru SD'!R15 -> S1 | Q18: ='Data Base Guru SD'!F15 -> 8 Tahun 6 Bulan 9 Hari | R18: 8 | S18: ='Data Base Guru SD'!G15 -> PT | T18: 1950000 | V18: ='Data Base Guru SD'!X15 -> 0 | W18: =V18*20000 -> 0 | X18: =T18+U18+W18 -> 1950000 | Z18: 150000 | AE18: =SUM(AA18:AD18) -> 0 | AF18: =F18*10000 -> 240000 | AG18: =H18*5000 -> 120000 | AH18: =K18*5000 -> 120000 | AI18: =O18*5000 -> 280000 | AJ18: 150000 | AK18: 0 | AL18: =SUM(Y18,Z18,AE18,AF18,AG18,AH18,AI18,AJ18) -> 1060000 | AM18: =X18+AL18 -> 3010000 | AN18: =AM18*AO18 -> 0 | AP18: =N18 -> 0 | AQ18: =AO18*AP18 -> 0 | AS18: 0 | AT18: A | AU18: =SUM(AN18,AQ18,AR18,AS18) -> 0 | AV18: =B18 -> Sri Rahayu, S.Pd | AW18: =AM18-AU18 -> 3010000
A19: 9 | B19: ='Data Base Guru SD'!B16 -> Susilawati, S.Pd | C19: ='Data Base Guru SD'!J16 -> Mapel (Mengaji ) | D19: =F19+I19 -> 24 | E19: 24 | F19: =E19-G19-I19 -> 24 | G19: 0 | H19: =E19-G19-I19-J19 -> 24 | I19: 0 | J19: 0 | K19: =E19-G19-L19-M19 -> 24 | L19: 0 | M19: 0 | O19: 40 | P19: ='Data Base Guru SD'!R16 -> S1 | Q19: ='Data Base Guru SD'!F16 -> 8 Tahun 5 Bulan 9 Hari | R19: 8 | S19: ='Data Base Guru SD'!G16 -> PT | T19: 1950000 | V19: ='Data Base Guru SD'!X16 -> 3 | W19: =V19*20000 -> 60000 | X19: =T19+U19+W19 -> 2010000 | Z19: 150000 | AE19: =SUM(AA19:AD19) -> 0 | AF19: =F19*10000 -> 240000 | AG19: =H19*5000 -> 120000 | AH19: =K19*5000 -> 120000 | AI19: =O19*5000 -> 200000 | AJ19: 150000 | AK19: 0 | AL19: =SUM(Y19,Z19,AE19,AF19,AG19,AH19,AI19,AJ19) -> 980000 | AM19: =X19+AL19 -> 2990000 | AN19: =AM19*AO19 -> 0 | AP19: =N19 -> 0 | AQ19: =AO19*AP19 -> 0 | AS19: 0 | AT19: A | AU19: =SUM(AN19,AQ19,AR19,AS19) -> 0 | AV19: =B19 -> Susilawati, S.Pd | AW19: =AM19-AU19 -> 2990000
A20: 10 | B20: ='Data Base Guru SD'!B17 -> Rismawati, S.Pd | C20: ='Data Base Guru SD'!J17 -> Wali Kelas ( Mengaji ) | D20: =F20+I20 -> 24 | E20: 24 | F20: =E20-G20-I20 -> 24 | G20: 0 | H20: =E20-G20-I20-J20 -> 24 | I20: 0 | J20: 0 | K20: =E20-G20-L20-M20 -> 24 | L20: 0 | M20: 0 | O20: 48 | P20: ='Data Base Guru SD'!R17 -> S1 | Q20: ='Data Base Guru SD'!F17 -> 8 Tahun 1 Bulan 9 Hari | R20: 8 | S20: ='Data Base Guru SD'!G17 -> PT | T20: 1950000 | V20: ='Data Base Guru SD'!X17 -> 0 | W20: =V20*20000 -> 0 | X20: =T20+U20+W20 -> 1950000 | Z20: 150000 | AA20: 100000 | AE20: =SUM(AA20:AD20) -> 100000 | AF20: =F20*10000 -> 240000 | AG20: =H20*5000 -> 120000 | AH20: =K20*5000 -> 120000 | AI20: =O20*5000 -> 240000 | AJ20: 150000 | AK20: 0 | AL20: =SUM(Y20,Z20,AE20,AF20,AG20,AH20,AI20,AJ20) -> 1120000 | AM20: =X20+AL20 -> 3070000 | AN20: =AM20*AO20 -> 0 | AP20: =N20 -> 0 | AQ20: =AO20*AP20 -> 0 | AS20: 0 | AT20: A | AU20: =SUM(AN20,AQ20,AR20,AS20) -> 0 | AV20: =B20 -> Rismawati, S.Pd | AW20: =AM20-AU20 -> 3070000
A21: 11 | B21: ='Data Base Guru SD'!B18 -> Ertika, S.Pd | C21: ='Data Base Guru SD'!J18 -> Wali Kelas ( Mengaji ) | D21: =F21+I21 -> 24 | E21: 24 | F21: =E21-G21-I21 -> 24 | G21: 0 | H21: =E21-G21-I21-J21 -> 24 | I21: 0 | J21: 0 | K21: =E21-G21-L21-M21 -> 24 | L21: 0 | M21: 0 | O21: 48 | P21: ='Data Base Guru SD'!R18 -> S1 | Q21: ='Data Base Guru SD'!F18 -> 8 Tahun 7 Bulan 9 Hari | R21: 8 | S21: ='Data Base Guru SD'!G18 -> PT | T21: 1950000 | V21: ='Data Base Guru SD'!X18 -> 2 | W21: =V21*20000 -> 40000 | X21: =T21+U21+W21 -> 1990000 | AA21: 100000 | AE21: =SUM(AA21:AD21) -> 100000 | AF21: =F21*10000 -> 240000 | AG21: =H21*5000 -> 120000 | AH21: =K21*5000 -> 120000 | AI21: =O21*5000 -> 240000 | AJ21: 150000 | AK21: 0 | AL21: =SUM(Y21,Z21,AE21,AF21,AG21,AH21,AI21,AJ21) -> 970000 | AM21: =X21+AL21 -> 2960000 | AN21: =AM21*AO21 -> 0 | AP21: =N21 -> 0 | AQ21: =AO21*AP21 -> 0 | AS21: 0 | AT21: A | AU21: =SUM(AN21,AQ21,AR21,AS21) -> 0 | AV21: =B21 -> Ertika, S.Pd | AW21: =AM21-AU21 -> 2960000
A22: 12 | B22: ='Data Base Guru SD'!B19 -> Kurniati, A.MA, Pd. OR | C22: ='Data Base Guru SD'!J19 -> Mapel | D22: =F22+I22 -> 24 | E22: 24 | F22: =E22-G22-I22 -> 24 | G22: 0 | H22: =E22-G22-I22-J22 -> 24 | I22: 0 | J22: 0 | K22: =E22-G22-L22-M22 -> 24 | L22: 0 | M22: 0 | O22: 56 | P22: ='Data Base Guru SD'!R19 -> S1 | Q22: ='Data Base Guru SD'!F19 -> 7 Tahun 10 Bulan 9 Hari | R22: 7 | S22: ='Data Base Guru SD'!G19 -> PT | T22: 1950000 | V22: ='Data Base Guru SD'!X19 -> 0 | W22: =V22*20000 -> 0 | X22: =T22+U22+W22 -> 1950000 | Z22: 150000 | AE22: =SUM(AA22:AD22) -> 0 | AF22: =F22*10000 -> 240000 | AG22: =H22*5000 -> 120000 | AH22: =K22*5000 -> 120000 | AI22: =O22*5000 -> 280000 | AJ22: 150000 | AK22: 0 | AL22: =SUM(Y22,Z22,AE22,AF22,AG22,AH22,AI22,AJ22) -> 1060000 | AM22: =X22+AL22 -> 3010000 | AN22: =AM22*AO22 -> 0 | AP22: =N22 -> 0 | AQ22: =AO22*AP22 -> 0 | AS22: 0 | AT22: A | AU22: =SUM(AN22,AQ22,AR22,AS22) -> 0 | AV22: =B22 -> Kurniati, A.MA, Pd. OR | AW22: =AM22-AU22 -> 3010000
A23: 13 | B23: ='Data Base Guru SD'!B20 -> Uppi Erniati H, S.Pd | C23: ='Data Base Guru SD'!J20 -> Wali Kelas | D23: =F23+I23 -> 24 | E23: 24 | F23: =E23-G23-I23 -> 24 | G23: 0 | H23: =E23-G23-I23-J23 -> 24 | I23: 0 | J23: 0 | K23: =E23-G23-L23-M23 -> 24 | L23: 0 | M23: 0 | O23: 0 | P23: ='Data Base Guru SD'!R20 -> S1 | Q23: ='Data Base Guru SD'!F20 -> 7 Tahun 7 Bulan 9 Hari | R23: 7 | S23: ='Data Base Guru SD'!G20 -> PT | T23: 1950000 | V23: ='Data Base Guru SD'!X20 -> 3 | W23: =V23*20000 -> 60000 | X23: =T23+U23+W23 -> 2010000 | Z23: 150000 | AA23: 100000 | AE23: =SUM(AA23:AD23) -> 100000 | AF23: =F23*10000 -> 240000 | AG23: =H23*5000 -> 120000 | AH23: =K23*5000 -> 120000 | AI23: =O23*5000 -> 0 | AJ23: 150000 | AK23: 0 | AL23: =SUM(Y23,Z23,AE23,AF23,AG23,AH23,AI23,AJ23) -> 880000 | AM23: =X23+AL23 -> 2890000 | AN23: =AM23*AO23 -> 0 | AP23: =N23 -> 0 | AQ23: =AO23*AP23 -> 0 | AS23: 0 | AT23: A | AU23: =SUM(AN23,AQ23,AR23,AS23) -> 0 | AV23: =B23 -> Uppi Erniati H, S.Pd | AW23: =AM23-AU23 -> 2890000
A24: 14 | B24: ='Data Base Guru SD'!B21 -> Dian Ekaviyanti Rusydi,SP | C24: ='Data Base Guru SD'!J21 -> Wali Kelas ( Mengaji ) | D24: =F24+I24 -> 24 | E24: 24 | F24: =E24-G24-I24 -> 24 | G24: 0 | H24: =E24-G24-I24-J24 -> 24 | I24: 0 | J24: 0 | K24: =E24-G24-L24-M24 -> 24 | L24: 0 | M24: 0 | O24: 48 | P24: ='Data Base Guru SD'!R21 -> S1 | Q24: ='Data Base Guru SD'!F21 -> 7 Tahun 1 Bulan 9 Hari | R24: 7 | S24: ='Data Base Guru SD'!G21 -> PT | T24: 1950000 | V24: ='Data Base Guru SD'!X21 -> 4 | W24: =V24*20000 -> 80000 | X24: =T24+U24+W24 -> 2030000 | Y24: 400000 | Z24: 150000 | AA24: 100000 | AE24: =SUM(AA24:AD24) -> 100000 | AF24: =F24*10000 -> 240000 | AG24: =H24*5000 -> 120000 | AH24: =K24*5000 -> 120000 | AI24: =O24*5000 -> 240000 | AJ24: 150000 | AK24: 0 | AL24: =SUM(Y24,Z24,AE24,AF24,AG24,AH24,AI24,AJ24) -> 1520000 | AM24: =X24+AL24 -> 3550000 | AN24: =AM24*AO24 -> 0 | AP24: =N24 -> 0 | AQ24: =AO24*AP24 -> 0 | AS24: 0 | AT24: A | AU24: =SUM(AN24,AQ24,AR24,AS24) -> 0 | AV24: =B24 -> Dian Ekaviyanti Rusydi,SP | AW24: =AM24-AU24 -> 3550000
A25: 15 | B25: ='Data Base Guru SD'!B22 -> Hasriani, S.Pd | C25: ='Data Base Guru SD'!J22 -> Wali Kelas (Mengaji) | D25: =F25+I25 -> 24 | E25: 24 | F25: =E25-G25-I25 -> 24 | G25: 0 | H25: =E25-G25-I25-J25 -> 24 | I25: 0 | J25: 0 | K25: =E25-G25-L25-M25 -> 24 | L25: 0 | M25: 0 | O25: 48 | P25: ='Data Base Guru SD'!R22 -> S1 | Q25: ='Data Base Guru SD'!F22 -> 7 Tahun 0 Bulan 9 Hari | R25: 6 | S25: ='Data Base Guru SD'!G22 -> PT | T25: 1950000 | V25: ='Data Base Guru SD'!X22 -> 0 | W25: =V25*20000 -> 0 | X25: =T25+U25+W25 -> 1950000 | Z25: 150000 | AA25: 100000 | AE25: =SUM(AA25:AD25) -> 100000 | AF25: =F25*10000 -> 240000 | AG25: =H25*5000 -> 120000 | AH25: =K25*5000 -> 120000 | AI25: =O25*5000 -> 240000 | AJ25: 150000 | AK25: 0 | AL25: =SUM(Y25,Z25,AE25,AF25,AG25,AH25,AI25,AJ25) -> 1120000 | AM25: =X25+AL25 -> 3070000 | AN25: =AM25*AO25 -> 0 | AP25: =N25 -> 0 | AQ25: =AO25*AP25 -> 0 | AS25: 0 | AT25: A | AU25: =SUM(AN25,AQ25,AR25,AS25) -> 0 | AV25: =B25 -> Hasriani, S.Pd | AW25: =AM25-AU25 -> 3070000
A26: 16 | B26: ='Data Base Guru SD'!B23 -> Hildawati Dulla, S.Pd | C26: ='Data Base Guru SD'!J23 -> Wali Kelas (Mengaji) | D26: =F26+I26 -> 24 | E26: 24 | F26: =E26-G26-I26 -> 24 | G26: 0 | H26: =E26-G26-I26-J26 -> 24 | I26: 0 | J26: 0 | K26: =E26-G26-L26-M26 -> 24 | L26: 0 | M26: 0 | O26: 48 | P26: ='Data Base Guru SD'!R23 -> S1 | Q26: ='Data Base Guru SD'!F23 -> 7 Tahun 1 Bulan 9 Hari | R26: 7 | S26: ='Data Base Guru SD'!G23 -> PT | T26: 1950000 | V26: ='Data Base Guru SD'!X23 -> 0 | W26: =V26*20000 -> 0 | X26: =T26+U26+W26 -> 1950000 | Z26: 150000 | AA26: 100000 | AE26: =SUM(AA26:AD26) -> 100000 | AF26: =F26*10000 -> 240000 | AG26: =H26*5000 -> 120000 | AH26: =K26*5000 -> 120000 | AI26: =O26*5000 -> 240000 | AJ26: 150000 | AK26: 0 | AL26: =SUM(Y26,Z26,AE26,AF26,AG26,AH26,AI26,AJ26) -> 1120000 | AM26: =X26+AL26 -> 3070000 | AN26: =AM26*AO26 -> 0 | AP26: =N26 -> 0 | AQ26: =AO26*AP26 -> 0 | AS26: 0 | AT26: A | AU26: =SUM(AN26,AQ26,AR26,AS26) -> 0 | AV26: =B26 -> Hildawati Dulla, S.Pd | AW26: =AM26-AU26 -> 3070000
A27: 17 | B27: ='Data Base Guru SD'!B24 -> Iin, S.Pd | C27: ='Data Base Guru SD'!J24 -> Wali Kelas | D27: =F27+I27 -> 24 | E27: 24 | F27: =E27-G27-I27 -> 24 | G27: 0 | H27: =E27-G27-I27-J27 -> 24 | I27: 0 | J27: 0 | K27: =E27-G27-L27-M27 -> 24 | L27: 0 | M27: 0 | O27: 8 | P27: ='Data Base Guru SD'!R24 -> S1 | Q27: ='Data Base Guru SD'!F24 -> 7 Tahun 0 Bulan 9 Hari | R27: 6 | S27: ='Data Base Guru SD'!G24 -> PT | T27: 1950000 | V27: ='Data Base Guru SD'!X24 -> 2 | W27: =V27*20000 -> 40000 | X27: =T27+U27+W27 -> 1990000 | Z27: 150000 | AA27: 100000 | AE27: =SUM(AA27:AD27) -> 100000 | AF27: =F27*10000 -> 240000 | AG27: =H27*5000 -> 120000 | AH27: =K27*5000 -> 120000 | AI27: =O27*5000 -> 40000 | AJ27: 150000 | AL27: =SUM(Y27,Z27,AE27,AF27,AG27,AH27,AI27,AJ27) -> 920000 | AM27: =X27+AL27 -> 2910000 | AN27: =AM27*AO27 -> 0 | AP27: =N27 -> 0 | AQ27: =AO27*AP27 -> 0 | AS27: 0 | AT27: A | AU27: =SUM(AN27,AQ27,AR27,AS27) -> 0 | AV27: =B27 -> Iin, S.Pd | AW27: =AM27-AU27 -> 2910000
A28: 18 | B28: ='Data Base Guru SD'!B25 -> Gisjawinta Ardo Maretza N | C28: ='Data Base Guru SD'!J25 -> Wali Kelas (Mengaji) | D28: =F28+I28 -> 24 | E28: 24 | F28: =E28-G28-I28 -> 24 | G28: 0 | H28: =E28-G28-I28-J28 -> 24 | I28: 0 | J28: 0 | K28: =E28-G28-L28-M28 -> 24 | L28: 0 | M28: 0 | O28: 48 | P28: ='Data Base Guru SD'!R25 -> SMA | Q28: ='Data Base Guru SD'!F25 -> 7 Tahun 1 Bulan 9 Hari | R28: 7 | S28: ='Data Base Guru SD'!G25 -> PT | T28: 900000 | V28: ='Data Base Guru SD'!X25 -> 0 | W28: =V28*20000 -> 0 | X28: =T28+U28+W28 -> 900000 | Z28: 150000 | AA28: 100000 | AE28: =SUM(AA28:AD28) -> 100000 | AF28: =F28*10000 -> 240000 | AG28: =H28*5000 -> 120000 | AH28: =K28*5000 -> 120000 | AI28: =O28*5000 -> 240000 | AJ28: 150000 | AL28: =SUM(Y28,Z28,AE28,AF28,AG28,AH28,AI28,AJ28) -> 1120000 | AM28: =X28+AL28 -> 2020000 | AN28: =AM28*AO28 -> 0 | AP28: =N28 -> 0 | AQ28: =AO28*AP28 -> 0 | AS28: 0 | AT28: A | AU28: =SUM(AN28,AQ28,AR28,AS28) -> 0 | AV28: =B28 -> Gisjawinta Ardo Maretza N | AW28: =AM28-AU28 -> 2020000
A29: 19 | B29: ='Data Base Guru SD'!B26 -> Ita Nurhasanah S.Pd | C29: ='Data Base Guru SD'!J26 -> Mapel (Mengaji) | D29: =F29+I29 -> 24 | E29: 24 | F29: =E29-G29-I29 -> 24 | G29: 0 | H29: =E29-G29-I29-J29 -> 24 | I29: 0 | J29: 0 | K29: =E29-G29-L29-M29 -> 24 | L29: 0 | M29: 0 | O29: 40 | P29: ='Data Base Guru SD'!R26 -> S1 | Q29: ='Data Base Guru SD'!F26 -> 6 Tahun 1 Bulan 9 Hari | R29: 6 | S29: ='Data Base Guru SD'!G26 -> PT | T29: 1900000 | V29: ='Data Base Guru SD'!X26 -> 0 | W29: =V29*20000 -> 0 | X29: =T29+U29+W29 -> 1900000 | Z29: 150000 | AE29: =SUM(AA29:AD29) -> 0 | AF29: =F29*10000 -> 240000 | AG29: =H29*5000 -> 120000 | AH29: =K29*5000 -> 120000 | AI29: =O29*5000 -> 200000 | AJ29: 150000 | AL29: =SUM(Y29,Z29,AE29,AF29,AG29,AH29,AI29,AJ29) -> 980000 | AM29: =X29+AL29 -> 2880000 | AN29: =AM29*AO29 -> 0 | AP29: =N29 -> 0 | AQ29: =AO29*AP29 -> 0 | AS29: 0 | AT29: A | AU29: =SUM(AN29,AQ29,AR29,AS29) -> 0 | AV29: =B29 -> Ita Nurhasanah S.Pd | AW29: =AM29-AU29 -> 2880000
A30: 20 | B30: ='Data Base Guru SD'!B27 -> Nurhaeni, S.Pd., M.Pd | C30: ='Data Base Guru SD'!J27 -> Wali Kelas (Mengaji) | D30: =F30+I30 -> 24 | E30: 24 | F30: =E30-G30-I30 -> 24 | G30: 0 | H30: =E30-G30-I30-J30 -> 24 | I30: 0 | J30: 0 | K30: =E30-G30-L30-M30 -> 24 | L30: 0 | M30: 0 | O30: 48 | P30: ='Data Base Guru SD'!R27 -> S1 | Q30: ='Data Base Guru SD'!F27 -> 1 Tahun 1 Bulan 9 Hari | R30: 1 | S30: ='Data Base Guru SD'!G27 -> PK | T30: 550000 | V30: ='Data Base Guru SD'!X27 -> 0 | W30: =V30*20000 -> 0 | X30: =T30+U30+W30 -> 550000 | AA30: 100000 | AE30: =SUM(AA30:AD30) -> 100000 | AF30: =F30*10000 -> 240000 | AG30: =H30*5000 -> 120000 | AH30: =K30*5000 -> 120000 | AI30: =O30*5000 -> 240000 | AJ30: 150000 | AL30: =SUM(Y30,Z30,AE30,AF30,AG30,AH30,AI30,AJ30) -> 970000 | AM30: =X30+AL30 -> 1520000 | AN30: =AM30*AO30 -> 0 | AP30: =N30 -> 0 | AQ30: =AO30*AP30 -> 0 | AS30: 0 | AT30: A | AU30: =SUM(AN30,AQ30,AR30,AS30) -> 0 | AV30: =B30 -> Nurhaeni, S.Pd., M.Pd | AW30: =AM30-AU30 -> 1520000
A31: 21 | B31: ='Data Base Guru SD'!B28 -> Hidayatun Nisa S.Pd | C31: ='Data Base Guru SD'!J28 -> Mapel(Mengaji) | D31: =F31+I31 -> 24 | E31: 24 | F31: =E31-G31-I31 -> 24 | G31: 0 | H31: =E31-G31-I31-J31 -> 24 | I31: 0 | J31: 0 | K31: =E31-G31-L31-M31 -> 24 | L31: 0 | M31: 0 | O31: 48 | P31: ='Data Base Guru SD'!R28 -> S1 | Q31: ='Data Base Guru SD'!F28 -> 4 Tahun 1 Bulan 9 Hari | R31: 4 | S31: ='Data Base Guru SD'!G28 -> PT | T31: 1850000 | V31: ='Data Base Guru SD'!X28 -> 0 | W31: =V31*20000 -> 0 | X31: =T31+U31+W31 -> 1850000 | AE31: =SUM(AA31:AD31) -> 0 | AF31: =F31*10000 -> 240000 | AG31: =H31*5000 -> 120000 | AH31: =K31*5000 -> 120000 | AI31: =O31*5000 -> 240000 | AJ31: 150000 | AL31: =SUM(Y31,Z31,AE31,AF31,AG31,AH31,AI31,AJ31) -> 870000 | AM31: =X31+AL31 -> 2720000 | AN31: =AM31*AO31 -> 0 | AP31: =N31 -> 0 | AQ31: =AO31*AP31 -> 0 | AS31: 0 | AT31: A | AU31: =SUM(AN31,AQ31,AR31,AS31) -> 0 | AV31: =B31 -> Hidayatun Nisa S.Pd | AW31: =AM31-AU31 -> 2720000
A32: 22 | B32: ='Data Base Guru SD'!B29 -> Hizratul Laily S.H | C32: ='Data Base Guru SD'!J29 -> Mapel(Mengaji) | D32: =F32+I32 -> 24 | E32: 24 | F32: =E32-G32-I32 -> 24 | G32: 0 | H32: =E32-G32-I32-J32 -> 24 | I32: 0 | J32: 0 | K32: =E32-G32-L32-M32 -> 24 | L32: 0 | M32: 0 | O32: 40 | P32: ='Data Base Guru SD'!R29 -> S1 | Q32: ='Data Base Guru SD'!F29 -> 5 Tahun 1 Bulan 9 Hari | R32: 5 | S32: ='Data Base Guru SD'!G29 -> PT | T32: 1900000 | V32: ='Data Base Guru SD'!X29 -> 0 | W32: =V32*20000 -> 0 | X32: =T32+U32+W32 -> 1900000 | Z32: 150000 | AE32: =SUM(AA32:AD32) -> 0 | AF32: =F32*10000 -> 240000 | AG32: =H32*5000 -> 120000 | AH32: =K32*5000 -> 120000 | AI32: =O32*5000 -> 200000 | AJ32: 150000 | AL32: =SUM(Y32,Z32,AE32,AF32,AG32,AH32,AI32,AJ32) -> 980000 | AM32: =X32+AL32 -> 2880000 | AN32: =AM32*AO32 -> 0 | AP32: =N32 -> 0 | AQ32: =AO32*AP32 -> 0 | AS32: 0 | AT32: A | AU32: =SUM(AN32,AQ32,AR32,AS32) -> 0 | AV32: =B32 -> Hizratul Laily S.H | AW32: =AM32-AU32 -> 2880000
A33: 23 | B33: ='Data Base Guru SD'!B30 -> Dwi Oktaviana S.Pd | C33: ='Data Base Guru SD'!J30 -> Wali Kelas | D33: =F33+I33 -> 24 | E33: 24 | F33: =E33-G33-I33 -> 24 | G33: 0 | H33: =E33-G33-I33-J33 -> 24 | I33: 0 | J33: 0 | K33: =E33-G33-L33-M33 -> 24 | L33: 0 | M33: 0 | O33: 48 | P33: ='Data Base Guru SD'!R30 -> S1 | Q33: ='Data Base Guru SD'!F30 -> 5 Tahun 1 Bulan 9 Hari | R33: 5 | S33: ='Data Base Guru SD'!G30 -> PT | T33: 1900000 | V33: ='Data Base Guru SD'!X30 -> 0 | W33: =V33*20000 -> 0 | X33: =T33+U33+W33 -> 1900000 | Z33: 150000 | AA33: 100000 | AE33: =SUM(AA33:AD33) -> 100000 | AF33: =F33*10000 -> 240000 | AG33: =H33*5000 -> 120000 | AH33: =K33*5000 -> 120000 | AI33: =O33*5000 -> 240000 | AJ33: 150000 | AL33: =SUM(Y33,Z33,AE33,AF33,AG33,AH33,AI33,AJ33) -> 1120000 | AM33: =X33+AL33 -> 3020000 | AN33: =AM33*AO33 -> 0 | AP33: =N33 -> 0 | AQ33: =AO33*AP33 -> 0 | AS33: 0 | AT33: A | AU33: =SUM(AN33,AQ33,AR33,AS33) -> 0 | AV33: =B33 -> Dwi Oktaviana S.Pd | AW33: =AM33-AU33 -> 3020000
A34: 24 | B34: ='Data Base Guru SD'!B31 -> Julianti S.Pd | C34: ='Data Base Guru SD'!J31 -> Wali Kelas | D34: =F34+I34 -> 24 | E34: 24 | F34: =E34-G34-I34 -> 24 | G34: 0 | H34: =E34-G34-I34-J34 -> 24 | I34: 0 | J34: 0 | K34: =E34-G34-L34-M34 -> 24 | L34: 0 | M34: 0 | O34: 48 | P34: ='Data Base Guru SD'!R31 -> S1 | Q34: ='Data Base Guru SD'!F31 -> 3 Tahun 7 Bulan 9 Hari | R34: 3 | S34: ='Data Base Guru SD'!G31 -> PT | T34: 1850000 | V34: ='Data Base Guru SD'!X31 -> 0 | W34: =V34*20000 -> 0 | X34: =T34+U34+W34 -> 1850000 | AA34: 100000 | AE34: =SUM(AA34:AD34) -> 100000 | AF34: =F34*10000 -> 240000 | AG34: =H34*5000 -> 120000 | AH34: =K34*5000 -> 120000 | AI34: =O34*5000 -> 240000 | AJ34: 150000 | AL34: =SUM(Y34,Z34,AE34,AF34,AG34,AH34,AI34,AJ34) -> 970000 | AM34: =X34+AL34 -> 2820000 | AN34: =AM34*AO34 -> 0 | AP34: =N34 -> 0 | AQ34: =AO34*AP34 -> 0 | AS34: 0 | AT34: A | AU34: =SUM(AN34,AQ34,AR34,AS34) -> 0 | AV34: =B34 -> Julianti S.Pd | AW34: =AM34-AU34 -> 2820000
A35: 25 | B35: ='Data Base Guru SD'!B32 -> Nadia Azzahrah | C35: ='Data Base Guru SD'!J32 -> Guru Mapel (mengaji) | D35: =F35+I35 -> 24 | E35: 24 | F35: =E35-G35-I35 -> 24 | G35: 0 | H35: =E35-G35-I35-J35 -> 24 | I35: 0 | J35: 0 | K35: =E35-G35-L35-M35 -> 24 | L35: 0 | M35: 0 | O35: 40 | P35: ='Data Base Guru SD'!R32 -> SMA | Q35: ='Data Base Guru SD'!F32 -> 2 Tahun 1 Bulan 9 Hari | R35: 2 | S35: ='Data Base Guru SD'!G32 -> PK | T35: 350000 | V35: ='Data Base Guru SD'!X32 -> 0 | W35: =V35*20000 -> 0 | X35: =T35+U35+W35 -> 350000 | AE35: =SUM(AA35:AD35) -> 0 | AF35: =F35*10000 -> 240000 | AG35: =H35*5000 -> 120000 | AH35: =K35*5000 -> 120000 | AI35: =O35*5000 -> 200000 | AJ35: 150000 | AL35: =SUM(Y35,Z35,AE35,AF35,AG35,AH35,AI35,AJ35) -> 830000 | AM35: =X35+AL35 -> 1180000 | AN35: =AM35*AO35 -> 0 | AP35: =N35 -> 0 | AQ35: =AO35*AP35 -> 0 | AS35: 0 | AT35: A | AU35: =SUM(AN35,AQ35,AR35,AS35) -> 0 | AV35: =B35 -> Nadia Azzahrah | AW35: =AM35-AU35 -> 1180000
A36: 26 | B36: ='Data Base Guru SD'!B33 -> Nur Halisah Aminun S.Pd | C36: ='Data Base Guru SD'!J33 -> Wali Kelas (Mengaji) | D36: =F36+I36 -> 24 | E36: 24 | F36: =E36-G36-I36 -> 24 | G36: 0 | H36: =E36-G36-I36-J36 -> 24 | I36: 0 | J36: 0 | K36: =E36-G36-L36-M36 -> 24 | L36: 0 | M36: 0 | O36: 48 | P36: ='Data Base Guru SD'!R33 -> S1 | Q36: ='Data Base Guru SD'!F33 -> 4 Tahun 7 Bulan 9 Hari | R36: 4 | S36: ='Data Base Guru SD'!G33 -> PT | T36: 1850000 | V36: ='Data Base Guru SD'!X33 -> 0 | W36: =V36*20000 -> 0 | X36: =T36+U36+W36 -> 1850000 | AA36: 100000 | AE36: =SUM(AA36:AD36) -> 100000 | AF36: =F36*10000 -> 240000 | AG36: =H36*5000 -> 120000 | AH36: =K36*5000 -> 120000 | AI36: =O36*5000 -> 240000 | AJ36: 150000 | AL36: =SUM(Y36,Z36,AE36,AF36,AG36,AH36,AI36,AJ36) -> 970000 | AM36: =X36+AL36 -> 2820000 | AN36: =AM36*AO36 -> 0 | AP36: =N36 -> 0 | AQ36: =AO36*AP36 -> 0 | AS36: 0 | AT36: A | AU36: =SUM(AN36,AQ36,AR36,AS36) -> 0 | AV36: =B36 -> Nur Halisah Aminun S.Pd | AW36: =AM36-AU36 -> 2820000
A37: 27 | B37: ='Data Base Guru SD'!B34 -> Sri Mulyani S.Pd | C37: ='Data Base Guru SD'!J34 -> Wali Kelas | D37: =F37+I37 -> 24 | E37: 24 | F37: =E37-G37-I37 -> 24 | G37: 0 | H37: =E37-G37-I37-J37 -> 24 | I37: 0 | J37: 0 | K37: =E37-G37-L37-M37 -> 24 | L37: 0 | M37: 0 | O37: 48 | P37: ='Data Base Guru SD'!R34 -> S1 | Q37: ='Data Base Guru SD'!F34 -> 4 Tahun 9 Bulan 9 Hari | R37: 4 | S37: ='Data Base Guru SD'!G34 -> PT | T37: 1850000 | V37: ='Data Base Guru SD'!X34 -> 0 | W37: =V37*20000 -> 0 | X37: =T37+U37+W37 -> 1850000 | AA37: 100000 | AE37: =SUM(AA37:AD37) -> 100000 | AF37: =F37*10000 -> 240000 | AG37: =H37*5000 -> 120000 | AH37: =K37*5000 -> 120000 | AI37: =O37*5000 -> 240000 | AJ37: 150000 | AL37: =SUM(Y37,Z37,AE37,AF37,AG37,AH37,AI37,AJ37) -> 970000 | AM37: =X37+AL37 -> 2820000 | AN37: =AM37*AO37 -> 0 | AP37: =N37 -> 0 | AQ37: =AO37*AP37 -> 0 | AS37: 0 | AT37: A | AU37: =SUM(AN37,AQ37,AR37,AS37) -> 0 | AV37: =B37 -> Sri Mulyani S.Pd | AW37: =AM37-AU37 -> 2820000
A38: 28 | B38: ='Data Base Guru SD'!B35 -> Saidatul Musayyadah S.Pd | C38: ='Data Base Guru SD'!J35 -> Mapel (Mengaji) | D38: =F38+I38 -> 24 | E38: 24 | F38: =E38-G38-I38 -> 24 | G38: 0 | H38: =E38-G38-I38-J38 -> 24 | I38: 0 | J38: 0 | K38: =E38-G38-L38-M38 -> 24 | L38: 0 | M38: 0 | O38: 40 | P38: ='Data Base Guru SD'!R35 -> S1 | Q38: ='Data Base Guru SD'!F35 -> 4 Tahun 6 Bulan 9 Hari | R38: 4 | S38: ='Data Base Guru SD'!G35 -> PT | T38: 1850000 | V38: ='Data Base Guru SD'!X35 -> 0 | W38: =V38*20000 -> 0 | X38: =T38+U38+W38 -> 1850000 | AE38: =SUM(AA38:AD38) -> 0 | AF38: =F38*10000 -> 240000 | AG38: =H38*5000 -> 120000 | AH38: =K38*5000 -> 120000 | AI38: =O38*5000 -> 200000 | AJ38: 150000 | AL38: =SUM(Y38,Z38,AE38,AF38,AG38,AH38,AI38,AJ38) -> 830000 | AM38: =X38+AL38 -> 2680000 | AN38: =AM38*AO38 -> 0 | AP38: =N38 -> 0 | AQ38: =AO38*AP38 -> 0 | AS38: 0 | AT38: A | AU38: =SUM(AN38,AQ38,AR38,AS38) -> 0 | AV38: =B38 -> Saidatul Musayyadah S.Pd | AW38: =AM38-AU38 -> 2680000
A39: 29 | B39: ='Data Base Guru SD'!B36 -> Reski Elvira Sari S.Pd | C39: ='Data Base Guru SD'!J36 -> Wali kelas | D39: =F39+I39 -> 24 | E39: 24 | F39: =E39-G39-I39 -> 24 | G39: 0 | H39: =E39-G39-I39-J39 -> 24 | I39: 0 | J39: 0 | K39: =E39-G39-L39-M39 -> 24 | L39: 0 | M39: 0 | O39: 48 | P39: ='Data Base Guru SD'!R36 -> S1 | Q39: ='Data Base Guru SD'!F36 -> 3 Tahun 11 Bulan 9 Hari | R39: 3 | S39: ='Data Base Guru SD'!G36 -> PT | T39: 1850000 | V39: ='Data Base Guru SD'!X36 -> 0 | W39: =V39*20000 -> 0 | X39: =T39+U39+W39 -> 1850000 | AA39: 100000 | AE39: =SUM(AA39:AD39) -> 100000 | AF39: =F39*10000 -> 240000 | AG39: =H39*5000 -> 120000 | AH39: =K39*5000 -> 120000 | AI39: =O39*5000 -> 240000 | AJ39: 150000 | AL39: =SUM(Y39,Z39,AE39,AF39,AG39,AH39,AI39,AJ39) -> 970000 | AM39: =X39+AL39 -> 2820000 | AN39: =AM39*AO39 -> 0 | AP39: =N39 -> 0 | AQ39: =AO39*AP39 -> 0 | AS39: 0 | AT39: A | AU39: =SUM(AN39,AQ39,AR39,AS39) -> 0 | AV39: =B39 -> Reski Elvira Sari S.Pd | AW39: =AM39-AU39 -> 2820000
A40: 30 | B40: ='Data Base Guru SD'!B37 -> Andini Putri Patrisia | C40: ='Data Base Guru SD'!J37 -> TU | D40: =F40+I40 -> 24 | E40: 24 | F40: =E40-G40-I40 -> 24 | G40: 0 | H40: =E40-G40-I40-J40 -> 24 | I40: 0 | J40: 0 | K40: =E40-G40-L40-M40 -> 24 | L40: 0 | M40: 0 | O40: 0 | P40: ='Data Base Guru SD'!R37 -> SMA | Q40: ='Data Base Guru SD'!F37 -> 0 Tahun 6 Bulan 9 Hari | R40: 0 | S40: ='Data Base Guru SD'!G37 -> PK | T40: 300000 | V40: ='Data Base Guru SD'!X37 -> 0 | W40: =V40*20000 -> 0 | X40: =T40+U40+W40 -> 300000 | AA40: 100000 | AE40: =SUM(AA40:AD40) -> 100000 | AF40: =F40*10000 -> 240000 | AG40: =H40*5000 -> 120000 | AH40: =K40*5000 -> 120000 | AI40: =O40*5000 -> 0 | AJ40: 150000 | AL40: =SUM(Y40,Z40,AE40,AF40,AG40,AH40,AI40,AJ40) -> 730000 | AM40: =X40+AL40 -> 1030000 | AN40: =AM40*AO40 -> 0 | AP40: =N40 -> 0 | AQ40: =AO40*AP40 -> 0 | AS40: 0 | AT40: A | AU40: =SUM(AN40,AQ40,AR40,AS40) -> 0 | AV40: =B40 -> Andini Putri Patrisia | AW40: =AM40-AU40 -> 1030000
A41: 31 | B41: ='Data Base Guru SD'!B38 -> Maya Puspita Djasnah S.Pd | C41: ='Data Base Guru SD'!J38 -> Wali Kelas | D41: =F41+I41 -> 24 | E41: 24 | F41: =E41-G41-I41 -> 24 | G41: 0 | H41: =E41-G41-I41-J41 -> 24 | I41: 0 | J41: 0 | K41: =E41-G41-L41-M41 -> 24 | L41: 0 | M41: 0 | O41: 48 | P41: ='Data Base Guru SD'!R38 -> S1 | Q41: ='Data Base Guru SD'!F38 -> 3 Tahun 11 Bulan 9 Hari | R41: 3 | S41: ='Data Base Guru SD'!G38 -> PT | T41: 1850000 | V41: ='Data Base Guru SD'!X38 -> 2 | W41: =V41*20000 -> 40000 | X41: =T41+U41+W41 -> 1890000 | AA41: 100000 | AE41: =SUM(AA41:AD41) -> 100000 | AF41: =F41*10000 -> 240000 | AG41: =H41*5000 -> 120000 | AH41: =K41*5000 -> 120000 | AI41: =O41*5000 -> 240000 | AJ41: 150000 | AL41: =SUM(Y41,Z41,AE41,AF41,AG41,AH41,AI41,AJ41) -> 970000 | AM41: =X41+AL41 -> 2860000 | AN41: =AM41*AO41 -> 0 | AP41: =N41 -> 0 | AQ41: =AO41*AP41 -> 0 | AS41: 0 | AT41: A | AU41: =SUM(AN41,AQ41,AR41,AS41) -> 0 | AV41: =B41 -> Maya Puspita Djasnah S.Pd | AW41: =AM41-AU41 -> 2860000
A42: 32 | B42: ='Data Base Guru SD'!B39 -> Elvira Fitriana S.Pd | C42: ='Data Base Guru SD'!J39 -> Wali Kelas | D42: =F42+I42 -> 24 | E42: 24 | F42: =E42-G42-I42 -> 24 | G42: 0 | H42: =E42-G42-I42-J42 -> 24 | I42: 0 | J42: 0 | K42: =E42-G42-L42-M42 -> 24 | L42: 0 | M42: 0 | O42: 48 | P42: ='Data Base Guru SD'!R39 -> S1 | Q42: ='Data Base Guru SD'!F39 -> 2 Tahun 9 Bulan 9 Hari | R42: 2 | S42: ='Data Base Guru SD'!G39 -> PK | T42: 550000 | V42: ='Data Base Guru SD'!X39 -> 2 | W42: =V42*20000 -> 40000 | X42: =T42+U42+W42 -> 590000 | AA42: 100000 | AE42: =SUM(AA42:AD42) -> 100000 | AF42: =F42*10000 -> 240000 | AG42: =H42*5000 -> 120000 | AH42: =K42*5000 -> 120000 | AI42: =O42*5000 -> 240000 | AJ42: 150000 | AL42: =SUM(Y42,Z42,AE42,AF42,AG42,AH42,AI42,AJ42) -> 970000 | AM42: =X42+AL42 -> 1560000 | AN42: =AM42*AO42 -> 0 | AP42: =N42 -> 0 | AQ42: =AO42*AP42 -> 0 | AS42: 0 | AT42: A | AU42: =SUM(AN42,AQ42,AR42,AS42) -> 0 | AV42: =B42 -> Elvira Fitriana S.Pd | AW42: =AM42-AU42 -> 1560000
A43: 33 | B43: ='Data Base Guru SD'!B40 -> Maya Prasetya S.E | C43: ='Data Base Guru SD'!J40 -> Guru Mapel (mengaji) | D43: =F43+I43 -> 24 | E43: 24 | F43: =E43-G43-I43 -> 24 | G43: 0 | H43: =E43-G43-I43-J43 -> 24 | I43: 0 | J43: 0 | K43: =E43-G43-L43-M43 -> 24 | L43: 0 | M43: 0 | O43: 0 | P43: ='Data Base Guru SD'!R40 -> S1 | Q43: ='Data Base Guru SD'!F40 -> 2 Tahun 9 Bulan 9 Hari | R43: 2 | S43: ='Data Base Guru SD'!G40 -> PK | T43: 550000 | V43: ='Data Base Guru SD'!X40 -> 2 | W43: =V43*20000 -> 40000 | X43: =T43+U43+W43 -> 590000 | AA43: 100000 | AE43: =SUM(AA43:AD43) -> 100000 | AF43: =F43*10000 -> 240000 | AG43: =H43*5000 -> 120000 | AH43: =K43*5000 -> 120000 | AI43: =O43*5000 -> 0 | AJ43: 150000 | AL43: =SUM(Y43,Z43,AE43,AF43,AG43,AH43,AI43,AJ43) -> 730000 | AM43: =X43+AL43 -> 1320000 | AN43: =AM43*AO43 -> 0 | AP43: =N43 -> 0 | AQ43: =AO43*AP43 -> 0 | AS43: 0 | AT43: A | AU43: =SUM(AN43,AQ43,AR43,AS43) -> 0 | AV43: =B43 -> Maya Prasetya S.E | AW43: =AM43-AU43 -> 1320000
A44: 34 | B44: ='Data Base Guru SD'!B41 -> Muthia | C44: ='Data Base Guru SD'!J41 -> Guru Mapel (mengaji) | D44: =F44+I44 -> 24 | E44: 24 | F44: =E44-G44-I44 -> 24 | G44: 0 | H44: =E44-G44-I44-J44 -> 24 | I44: 0 | J44: 0 | K44: =E44-G44-L44-M44 -> 24 | L44: 0 | M44: 0 | O44: 40 | P44: ='Data Base Guru SD'!R41 -> SMA | Q44: ='Data Base Guru SD'!F41 -> 2 Tahun 1 Bulan 9 Hari | R44: 2 | S44: ='Data Base Guru SD'!G41 -> PK | T44: 550000 | V44: ='Data Base Guru SD'!X41 -> 0 | W44: =V44*20000 -> 0 | X44: =T44+U44+W44 -> 550000 | AE44: =SUM(AA44:AD44) -> 0 | AF44: =F44*10000 -> 240000 | AG44: =H44*5000 -> 120000 | AH44: =K44*5000 -> 120000 | AI44: =O44*5000 -> 200000 | AJ44: 150000 | AL44: =SUM(Y44,Z44,AE44,AF44,AG44,AH44,AI44,AJ44) -> 830000 | AM44: =X44+AL44 -> 1380000 | AN44: =AM44*AO44 -> 0 | AP44: =N44 -> 0 | AQ44: =AO44*AP44 -> 0 | AS44: 0 | AT44: A | AU44: =SUM(AN44,AQ44,AR44,AS44) -> 0 | AV44: =B44 -> Muthia | AW44: =AM44-AU44 -> 1380000
A45: 35 | B45: ='Data Base Guru SD'!B42 -> Sabaria S.Pd | C45: ='Data Base Guru SD'!J42 -> Wali kelas | D45: =F45+I45 -> 24 | E45: 24 | F45: =E45-G45-I45 -> 24 | G45: 0 | H45: =E45-G45-I45-J45 -> 24 | I45: 0 | J45: 0 | K45: =E45-G45-L45-M45 -> 24 | L45: 0 | M45: 0 | O45: 48 | P45: ='Data Base Guru SD'!R42 -> S1 | Q45: ='Data Base Guru SD'!F42 -> 1 Tahun 10 Bulan 9 Hari | R45: 1 | S45: ='Data Base Guru SD'!G42 -> PK | T45: 550000 | V45: ='Data Base Guru SD'!X42 -> 1 | W45: =V45*20000 -> 20000 | X45: =T45+U45+W45 -> 570000 | AA45: 100000 | AE45: =SUM(AA45:AD45) -> 100000 | AF45: =F45*10000 -> 240000 | AG45: =H45*5000 -> 120000 | AH45: =K45*5000 -> 120000 | AI45: =O45*5000 -> 240000 | AJ45: 150000 | AL45: =SUM(Y45,Z45,AE45,AF45,AG45,AH45,AI45,AJ45) -> 970000 | AM45: =X45+AL45 -> 1540000 | AN45: =AM45*AO45 -> 0 | AP45: =N45 -> 0 | AQ45: =AO45*AP45 -> 0 | AS45: 0 | AT45: A | AU45: =SUM(AN45,AQ45,AR45,AS45) -> 0 | AV45: =B45 -> Sabaria S.Pd | AW45: =AM45-AU45 -> 1540000
A46: 36 | B46: ='Data Base Guru SD'!B43 -> Hera Nasruddin, S.Pd | C46: ='Data Base Guru SD'!J43 -> Guru Mapel (mengaji) | D46: =F46+I46 -> 24 | E46: 24 | F46: =E46-G46-I46 -> 24 | G46: 0 | H46: =E46-G46-I46-J46 -> 24 | I46: 0 | J46: 0 | K46: =E46-G46-L46-M46 -> 24 | L46: 0 | M46: 0 | O46: 40 | P46: ='Data Base Guru SD'!R43 -> S1 | Q46: ='Data Base Guru SD'!F43 -> 1 Tahun 0 Bulan 9 Hari | R46: 0 | S46: ='Data Base Guru SD'!G43 -> PK | T46: 550000 | V46: ='Data Base Guru SD'!X43 -> 0 | W46: =V46*20000 -> 0 | X46: =T46+U46+W46 -> 550000 | AE46: =SUM(AA46:AD46) -> 0 | AF46: =F46*10000 -> 240000 | AG46: =H46*5000 -> 120000 | AH46: =K46*5000 -> 120000 | AI46: =O46*5000 -> 200000 | AJ46: 150000 | AL46: =SUM(Y46,Z46,AE46,AF46,AG46,AH46,AI46,AJ46) -> 830000 | AM46: =X46+AL46 -> 1380000 | AN46: =AM46*AO46 -> 0 | AP46: =N46 -> 0 | AQ46: =AO46*AP46 -> 0 | AS46: 0 | AT46: A | AU46: =SUM(AN46,AQ46,AR46,AS46) -> 0 | AV46: =B46 -> Hera Nasruddin, S.Pd | AW46: =AM46-AU46 -> 1380000
AW48: =SUM(AW11:AW46) -> 93785000
B49: ='Data Base Guru SD'!B44 -> 0 | Q49: ='Data Base Guru SD'!F44 -> 0

Sheet Slip Gaji SD
D3: RINCIAN PENDAPATAN | H3: 1
D4: A. Pendapatan Wajib
D5: 1. Gaji Pokok | E5: =IF(LEN(VLOOKUP(H3,'SDIT IR Malili '!$A$11:$AW$49,20,FALSE))=0," ",VLOOKUP(H3,'SDIT IR Malili '!$A$11:$AW$49,20,FALSE)) -> 2100000
D6: 2. Istri | E6: =IF(LEN(VLOOKUP(H3,'SDIT IR Malili '!$A$11:$AW$49,21,FALSE))=0," ",VLOOKUP(H3,'SDIT IR Malili '!$A$11:$AW$49,21,FALSE))
A7: SLIP GAJI | D7: 3. Anak | E7: =IF(LEN(VLOOKUP(H3,'SDIT IR Malili '!$A$11:$AW$49,23,FALSE))=0,"0",VLOOKUP(H3,'SDIT IR Malili '!$A$11:$AW$49,23,FALSE)) -> 140000
A8: No | B8: =IF(LEN(VLOOKUP(H3,'SDIT IR Malili '!$A$11:$AW$49,1,FALSE))=0," ",VLOOKUP(H3,'SDIT IR Malili '!$A$11:$AW$49,1,FALSE)) -> 1 | D8: Total A | E8: =SUM(E5:E7) -> 2240000
A9: Nama | B9: =IF(LEN(VLOOKUP(H3,'SDIT IR Malili '!$A$11:$AW$49,2,FALSE))=0," ",VLOOKUP(H3,'SDIT IR Malili '!$A$11:$AW$49,2,FALSE)) -> Hasmiati, S.Pd | D9: B. Tunjangan Pendapatan
D10: 1. Stuktural | E10: =IF(LEN(VLOOKUP(H3,'SDIT IR Malili '!$A$11:$AW$49,25,FALSE))=0,"0",VLOOKUP(H3,'SDIT IR Malili '!$A$11:$AW$49,25,FALSE)) -> 400000
A11: ='SDIT IR Malili '!B3 -> Periode 26 Juni 2026 s/d 25 Juli 2026 | D11: 2. Pengabdian | E11: =IF(LEN(VLOOKUP(H3,'SDIT IR Malili '!$A$11:$AW$49,26,FALSE))=0,"0",VLOOKUP(H3,'SDIT IR Malili '!$A$11:$AW$49,26,FALSE)) -> 175000
A12: ='SDIT IR Malili '!B4 -> SDIT INSAN RABBANI | D12: 3. Fungsional | E12: =IF(LEN(VLOOKUP(H3,'SDIT IR Malili '!$A$11:$AW$49,31,FALSE))=0,"0",VLOOKUP(H3,'SDIT IR Malili '!$A$11:$AW$49,31,FALSE)) -> 100000
A13: Hari Efektif Kerja | C13: =IF(LEN(VLOOKUP(H3,'SDIT IR Malili '!$A$11:$AW$49,5,FALSE))=0," ",VLOOKUP(H3,'SDIT IR Malili '!$A$11:$AW$49,5,FALSE)) -> 24 | D13: 4. Pendapatan Hari Efektif :
A14: Kehadiran | C14: =IF(LEN(VLOOKUP(H3,'SDIT IR Malili '!$A$11:$AW$49,6,FALSE))=0," ",VLOOKUP(H3,'SDIT IR Malili '!$A$11:$AW$49,6,FALSE)) -> 24 | D14: a. Absensi Kedatangan | E14: =IF(LEN(VLOOKUP(H3,'SDIT IR Malili '!$A$11:$AW$49,33,FALSE))=0,"0",VLOOKUP(H3,'SDIT IR Malili '!$A$11:$AW$49,33,FALSE)) -> 120000
A15: Tidak Hadir | C15: =IF(LEN(VLOOKUP(H3,'SDIT IR Malili '!$A$11:$AW$49,7,FALSE))=0," ",VLOOKUP(H3,'SDIT IR Malili '!$A$11:$AW$49,7,FALSE)) -> 0 | D15: b. Absensi Kepulangan | E15: =IF(LEN(VLOOKUP(H3,'SDIT IR Malili '!$A$11:$AW$49,34,FALSE))=0,"0",VLOOKUP(H3,'SDIT IR Malili '!$A$11:$AW$49,34,FALSE)) -> 120000
A16: Hadir Terlambat | C16: =IF(LEN(VLOOKUP(H3,'SDIT IR Malili '!$A$11:$AW$49,9,FALSE))=0," ",VLOOKUP(H3,'SDIT IR Malili '!$A$11:$AW$49,9,FALSE)) -> 0 | D16: c. Transportasi | E16: =IF(LEN(VLOOKUP(H3,'SDIT IR Malili '!$A$11:$AW$49,32,FALSE))=0,"0",VLOOKUP(H3,'SDIT IR Malili '!$A$11:$AW$49,32,FALSE)) -> 240000
A17: Tidak Absen Pulang | C17: =IF(LEN(VLOOKUP(H3,'SDIT IR Malili '!$A$11:$AW$49,13,FALSE))=0," ",VLOOKUP(H3,'SDIT IR Malili '!$A$11:$AW$49,13,FALSE)) -> 0 | D17: 5. KJM | E17: =IF(LEN(VLOOKUP(H3,'SDIT IR Malili '!$A$11:$AW$49,35,FALSE))=0,"0",VLOOKUP(H3,'SDIT IR Malili '!$A$11:$AW$49,35,FALSE)) -> 240000
A18: Tidak Absen Masuk | C18: =IF(LEN(VLOOKUP(H3,'SDIT IR Malili '!$A$11:$AW$49,10,FALSE))=0," ",VLOOKUP(H3,'SDIT IR Malili '!$A$11:$AW$49,10,FALSE)) -> 0 | D18: 7. Penilaian Kinerja | E18: =IF(LEN(VLOOKUP(H3,'SDIT IR Malili '!$A$11:$AW$49,36,FALSE))=0,"0",VLOOKUP(H3,'SDIT IR Malili '!$A$11:$AW$49,36,FALSE)) -> 150000
A19: Cepat Pulang | C19: =IF(LEN(VLOOKUP(H3,'SDIT IR Malili '!$A$11:$AW$49,12,FALSE))=0," ",VLOOKUP(H3,'SDIT IR Malili '!$A$11:$AW$49,12,FALSE)) -> 0 | D19: 8. Tunjangan Apresiasi | E19: =IF(LEN(VLOOKUP(H3,'SDIT IR Malili '!$A$11:$AW$49,37,FALSE))=0,"0",VLOOKUP(H3,'SDIT IR Malili '!$A$11:$AW$49,37,FALSE)) -> 0
A20: Predikat Kinerja | C20: =IF(LEN(VLOOKUP(H3,'SDIT IR Malili '!$A$11:$AW$49,47,FALSE))=0,"0",VLOOKUP(H3,'SDIT IR Malili '!$A$11:$AW$49,47,FALSE)) -> 0
A21: " Hai orang-orang beriman, makanlah diantara rezeki yang baik-baik kami berikan kepadamu dan bersyukurlah kepada Allah, jika benar-benar kepada Nya kamu menyembah
D24: Total B | E24: =SUM(E10:E23) -> 1545000
A25: Dicetak : | B25: ='SDIT IR Malili '!B5 -> 46244 | D25: C. Pemotongan
D26: 1. Ta`awun | E26: =IF(LEN(VLOOKUP(H3,'SDIT IR Malili '!$A$11:$AW$49,44,FALSE))=0,"0",VLOOKUP(H3,'SDIT IR Malili '!$A$11:$AW$49,44,FALSE)) -> 0
D27: 2. SIM-T | E27: =IF(LEN(VLOOKUP(H3,'SDIT IR Malili '!$A$11:$AW$49,43,FALSE))=0,"0",VLOOKUP(H3,'SDIT IR Malili '!$A$11:$AW$49,43,FALSE)) -> 0
D28: 3. Pinjaman | E28: =IF(LEN(VLOOKUP(H3,'SDIT IR Malili '!$A$11:$AW$49,45,FALSE))=0,"0",VLOOKUP(H3,'SDIT IR Malili '!$A$11:$AW$49,45,FALSE)) -> 0
D29: 4. Pemotongan Luar Cuti | E29: =IF(LEN(VLOOKUP(H3,'SDIT IR Malili '!$A$11:$AW$49,40,FALSE))=0,"0",VLOOKUP(H3,'SDIT IR Malili '!$A$11:$AW$49,40,FALSE)) -> 0
D30: Total C | E30: =SUM(E26:E29) -> 0
B31: Bendahar Yayasan | D31: Rekapitulasi Akhir
D32: Total A,B | E32: =SUM(E8,E24) -> 3785000
D33: Total C | E33: =E30 -> 0
D34: Total Pendapatan | E34: =E32-E33 -> 3785000

Sheet REKAP KAFALAH SD
A1: REKAPAN KAFALAH BULAN
A2: ='SDIT IR Malili '!B3 -> Periode 26 Juni 2026 s/d 25 Juli 2026
A3: ='SDIT IR Malili '!B4 -> SDIT INSAN RABBANI
A4: NO | B4: NAMA | C4: TOTAL PENDAPATAN WAJIB | D4: TOTAL PENDAPATAN INSENTIF | E4: POTONGAN | F4: TOTAL KAFALAH YANG DITERIMA
A5: 1 | B5: ='SDIT IR Malili '!B11 -> Hasmiati, S.Pd | C5: ='SDIT IR Malili '!X11 -> 2240000 | D5: ='SDIT IR Malili '!AL11 -> 1545000 | E5: ='SDIT IR Malili '!AU11 -> 0 | F5: ='SDIT IR Malili '!AW11 -> 3785000
A6: 2 | B6: ='SDIT IR Malili '!B12 -> Nur Fajriani Usman, S.S | C6: ='SDIT IR Malili '!X12 -> 2040000 | D6: ='SDIT IR Malili '!AL12 -> 1120000 | E6: ='SDIT IR Malili '!AU12 -> 0 | F6: ='SDIT IR Malili '!AW12 -> 3160000
A7: 3 | B7: ='SDIT IR Malili '!B13 -> Ade Asmi Pratiwi, SE | C7: ='SDIT IR Malili '!X13 -> 2000000 | D7: ='SDIT IR Malili '!AL13 -> 1120000 | E7: ='SDIT IR Malili '!AU13 -> 0 | F7: ='SDIT IR Malili '!AW13 -> 3120000
A8: 4 | B8: ='SDIT IR Malili '!B14 -> Asrina, S.Pd | C8: ='SDIT IR Malili '!X14 -> 2040000 | D8: ='SDIT IR Malili '!AL14 -> 1120000 | E8: ='SDIT IR Malili '!AU14 -> 0 | F8: ='SDIT IR Malili '!AW14 -> 3160000
A9: 5 | B9: ='SDIT IR Malili '!B15 -> Andi Kastiar Latif, S.Pd | C9: ='SDIT IR Malili '!X15 -> 2040000 | D9: ='SDIT IR Malili '!AL15 -> 1580000 | E9: ='SDIT IR Malili '!AU15 -> 0 | F9: ='SDIT IR Malili '!AW15 -> 3620000
A10: 6 | B10: ='SDIT IR Malili '!B16 -> Harmawati. B, S.Pd | C10: ='SDIT IR Malili '!X16 -> 1060000 | D10: ='SDIT IR Malili '!AL16 -> 1120000 | E10: ='SDIT IR Malili '!AU16 -> 0 | F10: ='SDIT IR Malili '!AW16 -> 2180000
A11: 7 | B11: ='SDIT IR Malili '!B17 -> Nurazizah,S.Pd | C11: ='SDIT IR Malili '!X17 -> 2000000 | D11: ='SDIT IR Malili '!AL17 -> 980000 | E11: ='SDIT IR Malili '!AU17 -> 0 | F11: ='SDIT IR Malili '!AW17 -> 2980000
A12: 8 | B12: ='SDIT IR Malili '!B18 -> Sri Rahayu, S.Pd | C12: ='SDIT IR Malili '!X18 -> 1950000 | D12: ='SDIT IR Malili '!AL18 -> 1060000 | E12: ='SDIT IR Malili '!AU18 -> 0 | F12: ='SDIT IR Malili '!AW18 -> 3010000
A13: 9 | B13: ='SDIT IR Malili '!B19 -> Susilawati, S.Pd | C13: ='SDIT IR Malili '!X19 -> 2010000 | D13: ='SDIT IR Malili '!AL19 -> 980000 | E13: ='SDIT IR Malili '!AU19 -> 0 | F13: ='SDIT IR Malili '!AW19 -> 2990000
A14: 10 | B14: ='SDIT IR Malili '!B20 -> Rismawati, S.Pd | C14: ='SDIT IR Malili '!X20 -> 1950000 | D14: ='SDIT IR Malili '!AL20 -> 1120000 | E14: ='SDIT IR Malili '!AU20 -> 0 | F14: ='SDIT IR Malili '!AW20 -> 3070000
A15: 11 | B15: ='SDIT IR Malili '!B21 -> Ertika, S.Pd | C15: ='SDIT IR Malili '!X21 -> 1990000 | D15: ='SDIT IR Malili '!AL21 -> 970000 | E15: ='SDIT IR Malili '!AU21 -> 0 | F15: ='SDIT IR Malili '!AW21 -> 2960000
A16: 12 | B16: ='SDIT IR Malili '!B22 -> Kurniati, A.MA, Pd. OR | C16: ='SDIT IR Malili '!X22 -> 1950000 | D16: ='SDIT IR Malili '!AL22 -> 1060000 | E16: ='SDIT IR Malili '!AU22 -> 0 | F16: ='SDIT IR Malili '!AW22 -> 3010000
... A41: 37 | B41: ='SDIT IR Malili '!B47 -> 0 | C41: ='SDIT IR Malili '!X47 -> 0 | D41: ='SDIT IR Malili '!AL47 -> 0 | E41: ='SDIT IR Malili '!AU47 -> 0 | F41: ='SDIT IR Malili '!AW47 -> 0
A42: Total | F42: =SUM(F5:F41) -> 93785000

Sheet Data Base SMP Malili
A1: DATA BASE TENAGA PEGAWAI
A2: YAYASAN PENDIDIKAN
A3: UNIT SMPIT
A4: TAHUN AJARAN 2026-2027
A6: No | B6: Nama | C6: Jenis Kelamin | D6: Tanggal Masuk | E6: Today | F6: Masa Kerja | G6: Status Kepegawaian (PP/PK/PT/INVAL) | H6: Golongan Kepegawaian | I6: NUPTK | J6: Jabatan | K6: NIY | L6: Tempat Kelahiran | M6: Tanggal Lahir | N6: Usia | O6: NIK | P6: Alamat KTP | Q6: Alamat Domisili Sekarang | R6: Ijazah Terakhir | S6: Ijazah Terakhir / Jurusan / PT | T6: Status Pernikahan | U6: Nama Suami/Istri | V6: No. BPJS Kesehatan | W6: NPWP | X6: Jumlah Anak | Y6: No. Telp | AA6: Nama Murrobbi/Murobbiyah | AB6: E-Mail | AC6: Pengalaman Kerja | AD6: Pelatihan Yang telah diikuti | AE6: Skill (kemampuan) yang dimiliki | AF6: Skill (kemampuan) yang ingin ditingkatkan | AG6: Kemampuan Berbahasa Asing | AH6: Keterangan
Y7: Pribadi | Z7: Keluarga
A8: 1 | B8: Rahmat Saputra, S.H., M.Pd. | C8: PR | D8: 43647 | E8: =TODAY() -> 46244 | F8: =DATEDIF(D8,E8,"y")&" "&"Tahun"&" "&DATEDIF(D8,E8,"ym")&" "&"Bulan"&" "&DATEDIF(D8,E8,"md")&" "&"Hari" -> 7 Tahun 1 Bulan 9 Hari | G8: PT | J8: Kepala Sekolah | K8: 2610199607201915001 | L8: Sumber Agung | M8: 35364 | N8: =DATEDIF(M8,E8,"y")&" "&"Tahun"&" "&DATEDIF(M8,E8,"ym")&" "&"Bulan"&" "&DATEDIF(M8,E8,"md")&" "&"Hari" -> 29 Tahun 9 Bulan 15 Hari | P8: 0 | R8: S2 | T8: Menikah | U8: Gustiana | V8: - | W8: 0 | X8: 3 | AB8: 0 | AC8: 0 | AD8: 0 | AE8: 0 | AF8: 0 | AG8: 0
A9: 2 | B9: Samsul Bahri, S.Pd | C9: PR | D9: 43282 | E9: =TODAY() -> 46244 | F9: =DATEDIF(D9,E9,"y")&" "&"Tahun"&" "&DATEDIF(D9,E9,"ym")&" "&"Bulan"&" "&DATEDIF(D9,E9,"md")&" "&"Hari" -> 8 Tahun 1 Bulan 9 Hari | G9: PT | J9: TU | K9: 16081994072018688 | L9: Luwu | M9: 34562 | N9: =DATEDIF(M9,E9,"y")&" "&"Tahun"&" "&DATEDIF(M9,E9,"ym")&" "&"Bulan"&" "&DATEDIF(M9,E9,"md")&" "&"Hari" -> 31 Tahun 11 Bulan 25 Hari | P9: 0 | R9: S1 | T9: Menikah | U9: Dahlima Jufri | V9: 0 | W9: 0 | X9: 4 | Z9: 0 | AB9: 0 | AC9: 0 | AD9: 0 | AE9: 0 | AF9: 0 | AG9: 0
A10: 3 | B10: Andi Bay, S.Pd.I | C10: PR | D10: 41456 | E10: =TODAY() -> 46244 | F10: =DATEDIF(D10,E10,"y")&" "&"Tahun"&" "&DATEDIF(D10,E10,"ym")&" "&"Bulan"&" "&DATEDIF(D10,E10,"md")&" "&"Hari" -> 13 Tahun 1 Bulan 9 Hari | G10: PT | J10: Wali Kelas ( Mengaji ) | K10: 28081986072013004 | L10: Rete | M10: 31652 | N10: =DATEDIF(M10,E10,"y")&" "&"Tahun"&" "&DATEDIF(M10,E10,"ym")&" "&"Bulan"&" "&DATEDIF(M10,E10,"md")&" "&"Hari" -> 39 Tahun 11 Bulan 13 Hari | P10: 0 | R10: S1 | T10: Menikah | U10: Siti Farida | V10: 0 | W10: 0 | X10: 8 | Z10: 0 | AB10: 0 | AC10: 0 | AD10: 0 | AE10: 0 | AF10: 0 | AG10: 0
A11: 4 | B11: La Ode Pola Kota, S.Pd.I | C11: PR | D11: 45108 | E11: =TODAY() -> 46244 | F11: =DATEDIF(D11,E11,"y")&" "&"Tahun"&" "&DATEDIF(D11,E11,"ym")&" "&"Bulan"&" "&DATEDIF(D11,E11,"md")&" "&"Hari" -> 3 Tahun 1 Bulan 9 Hari | G11: PT | J11: Wali Kelas ( Mengaji ) | K11: 1506197807202315015 | L11: Mabodo | M11: 28656 | N11: =DATEDIF(M11,E11,"y")&" "&"Tahun"&" "&DATEDIF(M11,E11,"ym")&" "&"Bulan"&" "&DATEDIF(M11,E11,"md")&" "&"Hari" -> 48 Tahun 1 Bulan 26 Hari | P11: 0 | R11: S1 | T11: Menikah | V11: 0 | W11: 0 | X11: 3 | Z11: 0 | AB11: 0 | AC11: 0 | AD11: 0 | AE11: 0 | AF11: 0 | AG11: 0
A12: 5 | B12: Isruddin | C12: PR | D12: 43647 | E12: =TODAY() -> 46244 | F12: =DATEDIF(D12,E12,"y")&" "&"Tahun"&" "&DATEDIF(D12,E12,"ym")&" "&"Bulan"&" "&DATEDIF(D12,E12,"md")&" "&"Hari" -> 7 Tahun 1 Bulan 9 Hari | G12: PT | J12: Bendahara, Pembina Asrama | K12: 0902199207201915006 | L12: Ahilulu | M12: 33643 | N12: =DATEDIF(M12,E12,"y")&" "&"Tahun"&" "&DATEDIF(M12,E12,"ym")&" "&"Bulan"&" "&DATEDIF(M12,E12,"md")&" "&"Hari" -> 34 Tahun 6 Bulan 1 Hari | P12: 0 | R12: SMA | T12: Menikah | U12: Sri Rahayu | V12: 0 | W12: 0 | X12: 3 | Z12: 0 | AB12: 0 | AC12: 0 | AD12: 0 | AE12: 0 | AF12: 0 | AG12: 0
A13: 6 | B13: Dahlima Jufri, S.Pd | C13: PR | D13: 43282 | E13: =TODAY() -> 46244 | F13: =DATEDIF(D13,E13,"y")&" "&"Tahun"&" "&DATEDIF(D13,E13,"ym")&" "&"Bulan"&" "&DATEDIF(D13,E13,"md")&" "&"Hari" -> 8 Tahun 1 Bulan 9 Hari | G13: PT | J13: Wali Kelas, Pembina Asrama | K13: 05051995072018689 | L13: Minanga | M13: 34824 | N13: =DATEDIF(M13,E13,"y")&" "&"Tahun"&" "&DATEDIF(M13,E13,"ym")&" "&"Bulan"&" "&DATEDIF(M13,E13,"md")&" "&"Hari" -> 31 Tahun 3 Bulan 5 Hari | P13: 0 | R13: S1 | T13: Menikah | U13: Samsul Bahri | V13: 0 | W13: 0 | X13: 0 | Z13: 0 | AB13: 0 | AC13: 0 | AD13: 0 | AE13: 0 | AF13: 0 | AG13: 0
A14: 7 | B14: Gustiana R, S.Pd | C14: PR | D14: 41456 | E14: =TODAY() -> 46244 | F14: =DATEDIF(D14,E14,"y")&" "&"Tahun"&" "&DATEDIF(D14,E14,"ym")&" "&"Bulan"&" "&DATEDIF(D14,E14,"md")&" "&"Hari" -> 13 Tahun 1 Bulan 9 Hari | G14: PT | J14: Guru Mapel (Umum) | K14: 1508198506201302008 | L14: Labokong-Soppeng | M14: 31274 | N14: =DATEDIF(M14,E14,"y")&" "&"Tahun"&" "&DATEDIF(M14,E14,"ym")&" "&"Bulan"&" "&DATEDIF(M14,E14,"md")&" "&"Hari" -> 40 Tahun 11 Bulan 26 Hari | P14: 0 | R14: S1 | T14: Menikah | U14: Rahmat Saputra | V14: 0 | W14: 0 | X14: 0 | Z14: 0 | AB14: 0 | AC14: 0 | AD14: 0 | AE14: 0 | AF14: 0 | AG14: 0
A15: 8 | B15: Hikmawati, S.Pd | C15: PR | D15: 43647 | E15: =TODAY() -> 46244 | F15: =DATEDIF(D15,E15,"y")&" "&"Tahun"&" "&DATEDIF(D15,E15,"ym")&" "&"Bulan"&" "&DATEDIF(D15,E15,"md")&" "&"Hari" -> 7 Tahun 1 Bulan 9 Hari | G15: PT | J15: Bendahara, TU, Wali Kelas | K15: 2810199407201915010 | L15: Malili | M15: 34635 | N15: =DATEDIF(M15,E15,"y")&" "&"Tahun"&" "&DATEDIF(M15,E15,"ym")&" "&"Bulan"&" "&DATEDIF(M15,E15,"md")&" "&"Hari" -> 31 Tahun 9 Bulan 13 Hari | P15: 0 | R15: S1 | T15: Menikah | V15: 0 | W15: 0 | X15: 2 | Z15: 0 | AB15: 0 | AC15: 0 | AD15: 0 | AE15: 0 | AF15: 0 | AG15: 0
A16: 9 | B16: Asma Djaling, S.Pd | C16: PR | D16: 44743 | E16: =TODAY() -> 46244 | F16: =DATEDIF(D16,E16,"y")&" "&"Tahun"&" "&DATEDIF(D16,E16,"ym")&" "&"Bulan"&" "&DATEDIF(D16,E16,"md")&" "&"Hari" -> 4 Tahun 1 Bulan 9 Hari | G16: PK | J16: Wali Kelas ( Mengaji ) | K16: 1105198207202215016 | L16: Rumah Tiga | M16: 30082 | N16: =DATEDIF(M16,E16,"y")&" "&"Tahun"&" "&DATEDIF(M16,E16,"ym")&" "&"Bulan"&" "&DATEDIF(M16,E16,"md")&" "&"Hari" -> 44 Tahun 2 Bulan 30 Hari | P16: 0 | R16: S1 | T16: Menikah | U16: Muhammad Idham | V16: 0 | W16: 0 | X16: 0 | Z16: 0 | AB16: 0 | AC16: 0 | AD16: 0 | AE16: 0 | AF16: 0 | AG16: 0
A17: 10 | B17: Nursakia, S.H | C17: PR | D17: 45909 | E17: =TODAY() -> 46244 | F17: =DATEDIF(D17,E17,"y")&" "&"Tahun"&" "&DATEDIF(D17,E17,"ym")&" "&"Bulan"&" "&DATEDIF(D17,E17,"md")&" "&"Hari" -> 0 Tahun 11 Bulan 1 Hari | G17: PT | J17: Pembina Asrama | K17: 090920252606202515019 | L17: Luwu | M17: 37433 | N17: =DATEDIF(M17,E17,"y")&" "&"Tahun"&" "&DATEDIF(M17,E17,"ym")&" "&"Bulan"&" "&DATEDIF(M17,E17,"md")&" "&"Hari" -> 24 Tahun 1 Bulan 15 Hari | P17: 0 | R17: S1 | T17: Belum Menikah | V17: 0 | W17: 0 | X17: 0 | Z17: 0 | AB17: 0 | AC17: 0 | AD17: 0 | AE17: 0 | AF17: 0 | AG17: 0

Sheet SMP Malili
A1: DRAFT STRUKTUR KAFALAH SMP
A2: TAHUN AJARAN 2026-2027
B3: Periode 26 Juni 2026 s/d 25 Juli 2026 | AG3: =AB15/3 -> 16666.667 | AL3: 125000
B4: SMPIT | L4: Blok Merah kena Pelanggaran
B5: =TODAY() -> 46244 | L5: Blok Kuning Cuti
A6: A. PEGAWAI TETAP YAYASAN (BERHENTI/DIBERHENTIKAN)
A7: 1 | B7: 2 | C7: 3 | D7: 4 | E7: 5 | F7: 6 | G7: 7 | H7: 8 | I7: 9 | J7: 10 | K7: 11 | L7: 12 | M7: 13 | N7: 14 | O7: 15 | P7: 16 | Q7: 17 | R7: 18 | S7: 19 | T7: 20 | U7: 21 | V7: 22 | W7: 23 | X7: 24 | Y7: 25 | Z7: 26 | AA7: 27 | AB7: 28 | AC7: 29 | AD7: 30 | AE7: 31 | AF7: 32 | AG7: 33 | AH7: 34 | AI7: 35 | AJ7: 36 | AK7: 37 | AL7: 38 | AM7: 39 | AN7: 40 | AO7: 41 | AP7: 42 | AQ7: 43 | AR7: 44 | AS7: 45 | AT7: 46 | AU7: 47 | AV7: 48 | AW7: 49 | AX7: 50 | AY7: 51
A8: NO | B8: NAMA | C8: Jabatan | D8: Kehadiran Real | E8: HARI EFEKTIF | F8: KEHADIRAN | G8: TIDAK HADIR | H8: TEPAT WAKTU DATANG | I8: TERLAMBAT | J8: TIDAK ABSEN MASUK | K8: TIDAK CEPAT PULANG | L8: CEPAT PULANG | M8: TIDAK ABSEN PULANG | N8: DURASI SIM-T & Keterlambatan Mengajar | O8: JUMLAH KELEBIHAN JAM MENGAJAR | P8: Pembina KPI | Q8: Starata | R8: LAMA MENGABDI | S8: Jumlah Pengabdian | T8: Status Pegawai | U8: PENDAPATAN WAJIB | Y8: TOTAL 1 | Z8: PENDAPATAN INSENTIF | AN8: TOTAL 2 | AO8: JUMLAH PENDAPATAN (TOTAL 1, 2,) | AP8: PEMOTONGAN | AW8: JUMLAH PEMOTONGAN | AX8: NAMA | AY8: TOTAL KAFALAH YANG DITERIMA
U9: KAFALAH POKOK | V9: TUNJ. KELUARGA | Z9: TUNJ. STRUKTURAL JABATAN | AA9: TUNJ. PENGABDIAN | AB9: TUNJ. FUNGSIONAL | AF9: TOTAL TUNJ. FUNGSIONAL | AG9: TUNJ. PEMBINA | AH9: TUNJ. TRANSPORTASI | AI9: TUNJ. TEPAT WAKTU DATANG | AJ9: TUNJ. TIDAK CEPAT PULANG | AK9: TUNJ. KJM | AL9: TUNJ. PRESTASI KINERJA | AM9: TUNJ. APRESIASI | AP9: PEMOTONGAN LUAR TANGGUNGAN | AQ9: Persen (%) Cuti Luar Tanggungan | AR9: DURASI SIM-T | AS9: Jumlah Pemotongan SIM-T | AT9: Ta`awun | AU9: PINJAMAN | AV9: Predikat Kinerja
V10: ISTRI | W10: JML ANAK | X10: ANAK | AB10: 1 | AC10: 2 | AD10: 3 | AE10: 4
A11: 1 | B11: ='Data Base SMP Malili'!B8 -> Rahmat Saputra, S.H., M.Pd. | C11: ='Data Base SMP Malili'!J8 -> Kepala Sekolah | D11: =F11+I11 -> 24 | E11: 24 | F11: =E11-G11-I11 -> 24 | G11: 0 | H11: =E11-G11-I11-J11 -> 24 | I11: 0 | J11: 0 | K11: =E11-G11-L11-M11 -> 24 | L11: 0 | M11: 0 | N11: 0 | O11: 12 | Q11: ='Data Base SMP Malili'!R8 -> S2 | R11: ='Data Base SMP Malili'!F8 -> 7 Tahun 1 Bulan 9 Hari | S11: 7 | T11: ='Data Base SMP Malili'!G8 -> PT | U11: 1050000 | V11: 100000 | W11: ='Data Base SMP Malili'!X8 -> 3 | X11: =W11*20000 -> 60000 | Y11: =U11+V11+X11 -> 1210000 | Z11: 500000 | AA11: 150000 | AF11: =SUM(AB11:AE11) -> 0 | AG11: =P11*4500*7 -> 0 | AH11: =F11*6000 -> 144000 | AI11: =H11*4000 -> 96000 | AJ11: =K11*4000 -> 96000 | AK11: =O11*5000 -> 60000 | AL11: 150000 | AM11: 0 | AN11: =SUM(Z11,AA11,AF11,AG11,AH11,AI11,AJ11,AK11,AL11) -> 1196000 | AO11: =Y11+AN11 -> 2406000 | AP11: =AO11*AQ11 -> 0 | AR11: =N11 -> 0 | AS11: =AQ11*AR11 -> 0 | AT11: 0 | AU11: 0 | AV11: A | AW11: =SUM(AP11,AS11,AT11,AU11) -> 0 | AX11: =B11 -> Rahmat Saputra, S.H., M.Pd. | AY11: =AO11-AW11 -> 2406000
A12: 2 | B12: ='Data Base SMP Malili'!B9 -> Samsul Bahri, S.Pd | C12: ='Data Base SMP Malili'!J9 -> TU | D12: =F12+I12 -> 24 | E12: 24 | F12: =E12-G12-I12 -> 24 | G12: 0 | H12: =E12-G12-I12-J12 -> 24 | I12: 0 | J12: 0 | K12: =E12-G12-L12-M12 -> 24 | L12: 0 | M12: 0 | N12: 0 | O12: 4 | Q12: ='Data Base SMP Malili'!R9 -> S1 | R12: ='Data Base SMP Malili'!F9 -> 8 Tahun 1 Bulan 9 Hari | S12: 8 | T12: ='Data Base SMP Malili'!G9 -> PT | U12: 1050000 | V12: 100000 | W12: ='Data Base SMP Malili'!X9 -> 4 | X12: =W12*20000 -> 80000 | Y12: =U12+V12+X12 -> 1230000 | Z12: 400000 | AA12: 150000 | AF12: =SUM(AB12:AE12) -> 0 | AG12: =P12*4500*7 -> 0 | AH12: =F12*6000 -> 144000 | AI12: =H12*4000 -> 96000 | AJ12: =K12*4000 -> 96000 | AK12: =O12*5000 -> 20000 | AL12: 150000 | AM12: 0 | AN12: =SUM(Z12,AA12,AF12,AG12,AH12,AI12,AJ12,AK12,AL12) -> 1056000 | AO12: =Y12+AN12 -> 2286000 | AP12: =AO12*AQ12 -> 0 | AR12: =N12 -> 0 | AS12: =AQ12*AR12 -> 0 | AU12: 0 | AV12: A | AW12: =SUM(AP12,AS12,AT12,AU12) -> 0 | AX12: =B12 -> Samsul Bahri, S.Pd | AY12: =AO12-AW12 -> 2286000
A13: 3 | B13: ='Data Base SMP Malili'!B10 -> Andi Bay, S.Pd.I | C13: ='Data Base SMP Malili'!J10 -> Wali Kelas ( Mengaji ) | D13: =F13+I13 -> 24 | E13: 24 | F13: =E13-G13-I13 -> 24 | G13: 0 | H13: =E13-G13-I13-J13 -> 24 | I13: 0 | J13: 0 | K13: =E13-G13-L13-M13 -> 24 | L13: 0 | M13: 0 | N13: 0 | Q13: ='Data Base SMP Malili'!R10 -> S1 | R13: ='Data Base SMP Malili'!F10 -> 13 Tahun 1 Bulan 9 Hari | S13: 13 | T13: ='Data Base SMP Malili'!G10 -> PT | U13: 1200000 | V13: 100000 | W13: ='Data Base SMP Malili'!X10 -> 8 | X13: =W13*20000 -> 160000 | Y13: =U13+V13+X13 -> 1460000 | AA13: 300000 | AB13: 50000 | AF13: =SUM(AB13:AE13) -> 50000 | AG13: =P13*4500*7 -> 0 | AH13: =F13*6000 -> 144000 | AI13: =H13*4000 -> 96000 | AJ13: =K13*4000 -> 96000 | AK13: =O13*5000 -> 0 | AL13: 150000 | AM13: 0 | AN13: =SUM(Z13,AA13,AF13,AG13,AH13,AI13,AJ13,AK13,AL13) -> 836000 | AO13: =Y13+AN13 -> 2296000 | AP13: =AO13*AQ13 -> 0 | AR13: =N13 -> 0 | AS13: =AQ13*AR13 -> 0 | AU13: 0 | AV13: A | AW13: =SUM(AP13,AS13,AT13,AU13) -> 0 | AX13: =B13 -> Andi Bay, S.Pd.I | AY13: =AO13-AW13 -> 2296000
A14: 4 | B14: ='Data Base SMP Malili'!B11 -> La Ode Pola Kota, S.Pd.I | C14: ='Data Base SMP Malili'!J11 -> Wali Kelas ( Mengaji ) | D14: =F14+I14 -> 24 | E14: 24 | F14: =E14-G14-I14 -> 24 | G14: 0 | H14: =E14-G14-I14-J14 -> 24 | I14: 0 | J14: 0 | K14: =E14-G14-L14-M14 -> 24 | L14: 0 | M14: 0 | N14: 0 | O14: 10 | Q14: ='Data Base SMP Malili'!R11 -> S1 | R14: ='Data Base SMP Malili'!F11 -> 3 Tahun 1 Bulan 9 Hari | S14: 3 | T14: ='Data Base SMP Malili'!G11 -> PT | U14: 950000 | V14: 100000 | W14: ='Data Base SMP Malili'!X11 -> 3 | X14: =W14*20000 -> 60000 | Y14: =U14+V14+X14 -> 1110000 | Z14: 400000 | AA14: 150000 | AB14: 50000 | AF14: =SUM(AB14:AE14) -> 50000 | AG14: =P14*4500*7 -> 0 | AH14: =F14*6000 -> 144000 | AI14: =H14*4000 -> 96000 | AJ14: =K14*4000 -> 96000 | AK14: =O14*5000 -> 50000 | AL14: 150000 | AM14: 0 | AN14: =SUM(Z14,AA14,AF14,AG14,AH14,AI14,AJ14,AK14,AL14) -> 1136000 | AO14: =Y14+AN14 -> 2246000 | AP14: =AO14*AQ14 -> 0 | AR14: =N14 -> 0 | AS14: =AQ14*AR14 -> 0 | AU14: 0 | AV14: A | AW14: =SUM(AP14,AS14,AT14,AU14) -> 0 | AX14: =B14 -> La Ode Pola Kota, S.Pd.I | AY14: =AO14-AW14 -> 2246000
A15: 5 | B15: ='Data Base SMP Malili'!B12 -> Isruddin | C15: ='Data Base SMP Malili'!J12 -> Bendahara, Pembina Asrama | D15: =F15+I15 -> 24 | E15: 24 | F15: =E15-G15-I15 -> 24 | G15: 0 | H15: =E15-G15-I15-J15 -> 24 | I15: 0 | J15: 0 | K15: =E15-G15-L15-M15 -> 24 | L15: 0 | M15: 0 | N15: 0 | P15: 30 | Q15: ='Data Base SMP Malili'!R12 -> SMA | R15: ='Data Base SMP Malili'!F12 -> 7 Tahun 1 Bulan 9 Hari | S15: 7 | T15: ='Data Base SMP Malili'!G12 -> PT | U15: 1050000 | V15: 100000 | W15: ='Data Base SMP Malili'!X12 -> 3 | X15: =W15*20000 -> 60000 | Y15: =U15+V15+X15 -> 1210000 | AA15: 150000 | AB15: 50000 | AF15: =SUM(AB15:AE15) -> 50000 | AG15: =P15*4500*6 -> 810000 | AK15: =O15*5000 -> 0 | AL15: 150000 | AM15: 0 | AN15: =SUM(Z15,AA15,AF15,AG15,AH15,AI15,AJ15,AK15,AL15) -> 1160000 | AO15: =Y15+AN15 -> 2370000 | AP15: =AO15*AQ15 -> 0 | AR15: =N15 -> 0 | AS15: =AQ15*AR15 -> 0 | AU15: 0 | AV15: A | AW15: =SUM(AP15,AS15,AT15,AU15) -> 0 | AX15: =B15 -> Isruddin | AY15: =AO15-AW15 -> 2370000
A16: 6 | B16: ='Data Base SMP Malili'!B13 -> Dahlima Jufri, S.Pd | C16: ='Data Base SMP Malili'!J13 -> Wali Kelas, Pembina Asrama | D16: =F16+I16 -> 24 | E16: 24 | F16: =E16-G16-I16 -> 24 | G16: 0 | H16: =E16-G16-I16-J16 -> 24 | I16: 0 | J16: 0 | K16: =E16-G16-L16-M16 -> 24 | L16: 0 | M16: 0 | N16: 0 | O16: 4 | P16: 30 | Q16: ='Data Base SMP Malili'!R13 -> S1 | R16: ='Data Base SMP Malili'!F13 -> 8 Tahun 1 Bulan 9 Hari | S16: 8 | T16: ='Data Base SMP Malili'!G13 -> PT | U16: 1050000 | W16: ='Data Base SMP Malili'!X13 -> 0 | X16: =W16*20000 -> 0 | Y16: =U16+V16+X16 -> 1050000 | Z16: 400000 | AA16: 150000 | AB16: 50000 | AF16: =SUM(AB16:AE16) -> 50000 | AG16: =P16*4500*6 -> 810000 | AK16: =O16*5000 -> 20000 | AL16: 150000 | AM16: 0 | AN16: =SUM(Z16,AA16,AF16,AG16,AH16,AI16,AJ16,AK16,AL16) -> 1580000 | AO16: =Y16+AN16 -> 2630000 | AP16: =AO16*AQ16 -> 0 | AR16: =N16 -> 0 | AS16: =AQ16*AR16 -> 0 | AU16: 0 | AV16: A | AW16: =SUM(AP16,AS16,AT16,AU16) -> 0 | AX16: =B16 -> Dahlima Jufri, S.Pd | AY16: =AO16-AW16 -> 2630000
A17: 7 | B17: ='Data Base SMP Malili'!B14 -> Gustiana R, S.Pd | C17: ='Data Base SMP Malili'!J14 -> Guru Mapel (Umum) | D17: =F17+I17 -> 24 | E17: 24 | F17: =E17-G17-I17 -> 24 | G17: 0 | H17: =E17-G17-I17-J17 -> 24 | I17: 0 | J17: 0 | K17: =E17-G17-L17-M17 -> 24 | L17: 0 | M17: 0 | N17: 0 | O17: 4 | Q17: ='Data Base SMP Malili'!R14 -> S1 | R17: ='Data Base SMP Malili'!F14 -> 13 Tahun 1 Bulan 9 Hari | S17: 13 | T17: ='Data Base SMP Malili'!G14 -> PT | U17: 1200000 | W17: ='Data Base SMP Malili'!X14 -> 0 | X17: =W17*20000 -> 0 | Y17: =U17+V17+X17 -> 1200000 | AA17: 300000 | AF17: =SUM(AB17:AE17) -> 0 | AG17: =P17*4500*7 -> 0 | AH17: =F17*6000 -> 144000 | AI17: =H17*4000 -> 96000 | AJ17: =K17*4000 -> 96000 | AK17: =O17*5000 -> 20000 | AL17: 150000 | AM17: 0 | AN17: =SUM(Z17,AA17,AF17,AG17,AH17,AI17,AJ17,AK17,AL17) -> 806000 | AO17: =Y17+AN17 -> 2006000 | AP17: =AO17*AQ17 -> 0 | AR17: =N17 -> 0 | AS17: =AQ17*AR17 -> 0 | AU17: 0 | AV17: A | AW17: =SUM(AP17,AS17,AT17,AU17) -> 0 | AX17: =B17 -> Gustiana R, S.Pd | AY17: =AO17-AW17 -> 2006000
A18: 8 | B18: ='Data Base SMP Malili'!B15 -> Hikmawati, S.Pd | C18: ='Data Base SMP Malili'!J15 -> Bendahara, TU, Wali Kelas | D18: =F18+I18 -> 24 | E18: 24 | F18: =E18-G18-I18 -> 24 | G18: 0 | H18: =E18-G18-I18-J18 -> 24 | I18: 0 | J18: 0 | K18: =E18-G18-L18-M18 -> 24 | L18: 0 | M18: 0 | N18: 0 | O18: 4 | Q18: ='Data Base SMP Malili'!R15 -> S1 | R18: ='Data Base SMP Malili'!F15 -> 7 Tahun 1 Bulan 9 Hari | S18: 7 | T18: ='Data Base SMP Malili'!G15 -> PT | U18: 1050000 | W18: ='Data Base SMP Malili'!X15 -> 2 | X18: =W18*20000 -> 40000 | Y18: =U18+V18+X18 -> 1090000 | Z18: 400000 | AA18: 150000 | AB18: 50000 | AC18: 100000 | AF18: =SUM(AB18:AE18) -> 150000 | AG18: =P18*4500*7 -> 0 | AH18: =F18*6000 -> 144000 | AI18: =H18*4000 -> 96000 | AJ18: =K18*4000 -> 96000 | AK18: =O18*5000 -> 20000 | AL18: 150000 | AM18: 0 | AN18: =SUM(Z18,AA18,AF18,AG18,AH18,AI18,AJ18,AK18,AL18) -> 1206000 | AO18: =Y18+AN18 -> 2296000 | AP18: =AO18*AQ18 -> 0 | AR18: =N18 -> 0 | AS18: =AQ18*AR18 -> 0 | AU18: 0 | AV18: A | AW18: =SUM(AP18,AS18,AT18,AU18) -> 0 | AX18: =B18 -> Hikmawati, S.Pd | AY18: =AO18-AW18 -> 2296000
A19: 9 | B19: ='Data Base SMP Malili'!B16 -> Asma Djaling, S.Pd | C19: ='Data Base SMP Malili'!J16 -> Wali Kelas ( Mengaji ) | D19: =F19+I19 -> 24 | E19: 24 | F19: =E19-G19-I19 -> 24 | G19: 0 | H19: =E19-G19-I19-J19 -> 24 | I19: 0 | J19: 0 | K19: =E19-G19-L19-M19 -> 24 | L19: 0 | M19: 0 | N19: 0 | O19: 4 | Q19: ='Data Base SMP Malili'!R16 -> S1 | R19: ='Data Base SMP Malili'!F16 -> 4 Tahun 1 Bulan 9 Hari | S19: 4 | T19: ='Data Base SMP Malili'!G16 -> PK | U19: 950000 | W19: ='Data Base SMP Malili'!X16 -> 0 | X19: =W19*20000 -> 0 | Y19: =U19+V19+X19 -> 950000 | AA19: 150000 | AB19: 50000 | AF19: =SUM(AB19:AE19) -> 50000 | AG19: =P19*4500*7 -> 0 | AH19: =F19*6000 -> 144000 | AI19: =H19*4000 -> 96000 | AJ19: =K19*4000 -> 96000 | AK19: =O19*5000 -> 20000 | AL19: 150000 | AM19: 0 | AN19: =SUM(Z19,AA19,AF19,AG19,AH19,AI19,AJ19,AK19,AL19) -> 706000 | AO19: =Y19+AN19 -> 1656000 | AP19: =AO19*AQ19 -> 0 | AR19: =N19 -> 0 | AS19: =AQ19*AR19 -> 0 | AU19: 0 | AV19: A | AW19: =SUM(AP19,AS19,AT19,AU19) -> 0 | AX19: =B19 -> Asma Djaling, S.Pd | AY19: =AO19-AW19 -> 1656000
A20: 10 | B20: ='Data Base SMP Malili'!B17 -> Nursakia, S.H | C20: ='Data Base SMP Malili'!J17 -> Pembina Asrama | D20: =F20+I20 -> 24 | E20: 24 | F20: =E20-G20-I20 -> 24 | G20: 0 | H20: =E20-G20-I20-J20 -> 24 | I20: 0 | J20: 0 | K20: =E20-G20-L20-M20 -> 24 | L20: 0 | M20: 0 | N20: 0 | O20: 4 | P20: 30 | Q20: ='Data Base SMP Malili'!R17 -> S1 | R20: ='Data Base SMP Malili'!F17 -> 0 Tahun 11 Bulan 1 Hari | S20: 0 | T20: ='Data Base SMP Malili'!G17 -> PT | U20: 500000 | W20: ='Data Base SMP Malili'!X17 -> 0 | X20: =W20*20000 -> 0 | Y20: =U20+V20+X20 -> 500000 | AA20: 150000 | AF20: =SUM(AB20:AE20) -> 0 | AG20: =P20*4500*6 -> 810000 | AH20: =F20*6000 -> 144000 | AI20: =H20*4000 -> 96000 | AJ20: =K20*4000 -> 96000 | AK20: =O20*5000 -> 20000 | AL20: 150000 | AM20: 0 | AN20: =SUM(Z20,AA20,AF20,AG20,AH20,AI20,AJ20,AK20,AL20) -> 1466000 | AO20: =Y20+AN20 -> 1966000 | AP20: =AO20*AQ20 -> 0 | AR20: =N20 -> 0 | AS20: =AQ20*AR20 -> 0 | AU20: 0 | AV20: A | AW20: =SUM(AP20,AS20,AT20,AU20) -> 0 | AX20: =B20 -> Nursakia, S.H | AY20: =AO20-AW20 -> 1966000
A21: 11
A22: 12
AY24: =SUM(AY11:AY22) -> 22158000
B25: ='Data Base Guru SD'!B44 -> 0 | R25: ='Data Base Guru SD'!F44 -> 0

Sheet Slip Gaji SMP
D3: RINCIAN PENDAPATAN | H3: 1
D4: A. Pendapatan Wajib
D5: 1. Gaji Pokok | E5: =IF(LEN(VLOOKUP(H3,'SMP Malili'!$A$11:$AX$49,21,FALSE))=0," ",VLOOKUP(H3,'SMP Malili'!$A$11:$AX$49,21,FALSE)) -> 1050000
D6: 2. Istri | E6: =IF(LEN(VLOOKUP(H3,'SMP Malili'!$A$11:$AW$49,22,FALSE))=0," ",VLOOKUP(H3,'SMP Malili'!$A$11:$AW$49,22,FALSE)) -> 100000
A7: SLIP GAJI | D7: 3. Anak | E7: =IF(LEN(VLOOKUP(H3,'SMP Malili'!$A$11:$AW$49,24,FALSE))=0,"0",VLOOKUP(H3,'SMP Malili'!$A$11:$AW$49,24,FALSE)) -> 60000
A8: No | B8: =IF(LEN(VLOOKUP(H3,'SMP Malili'!$A$11:$AX$49,1,FALSE))=0," ",VLOOKUP(H3,'SMP Malili'!$A$11:$AX$49,1,FALSE)) -> 1 | D8: Total A | E8: =SUM(E5:E7) -> 1210000
A9: Nama | B9: =IF(LEN(VLOOKUP(H3,'SMP Malili'!$A$11:$AX$49,2,FALSE))=0," ",VLOOKUP(H3,'SMP Malili'!$A$11:$AX$49,2,FALSE)) -> Rahmat Saputra, S.H., M.Pd. | D9: B. Tunjangan Pendapatan
D10: 1. Stuktural | E10: =IF(LEN(VLOOKUP(H3,'SMP Malili'!$A$11:$AW$49,26,FALSE))=0,"0",VLOOKUP(H3,'SMP Malili'!$A$11:$AW$49,26,FALSE)) -> 500000
A11: ='SMP Malili'!B3 -> Periode 26 Juni 2026 s/d 25 Juli 2026 | D11: 2. Pengabdian | E11: =IF(LEN(VLOOKUP(H3,'SMP Malili'!$A$11:$AW$49,27,FALSE))=0,"0",VLOOKUP(H3,'SMP Malili'!$A$11:$AW$49,27,FALSE)) -> 150000
A12: ='SMP Malili'!B4 -> SMPIT | D12: 3. Fungsional | E12: =IF(LEN(VLOOKUP(H3,'SMP Malili'!$A$11:$AW$49,32,FALSE))=0,"0",VLOOKUP(H3,'SMP Malili'!$A$11:$AW$49,32,FALSE)) -> 0
A13: Hari Efektif Kerja | C13: =IF(LEN(VLOOKUP(H3,'SMP Malili'!$A$11:$AX$49,5,FALSE))=0," ",VLOOKUP(H3,'SMP Malili'!$A$11:$AX$49,5,FALSE)) -> 24 | D13: 4. Pembina Pondok | E13: =IF(LEN(VLOOKUP(H3,'SMP Malili'!$A$11:$AW$49,33,FALSE))=0,"0",VLOOKUP(H3,'SMP Malili'!$A$11:$AW$49,33,FALSE)) -> 0
A14: Kehadiran | C14: =IF(LEN(VLOOKUP(H3,'SMP Malili'!$A$11:$AX$49,6,FALSE))=0," ",VLOOKUP(H3,'SMP Malili'!$A$11:$AX$49,6,FALSE)) -> 24 | D14: 5. Pendapatan Hari Efektif :
A15: Tidak Hadir | C15: =IF(LEN(VLOOKUP(H3,'SMP Malili'!$A$11:$AX$49,7,FALSE))=0," ",VLOOKUP(H3,'SMP Malili'!$A$11:$AX$49,7,FALSE)) -> 0 | D15: a. Absensi Kedatangan | E15: =IF(LEN(VLOOKUP(H3,'SMP Malili'!$A$11:$AW$49,35,FALSE))=0,"0",VLOOKUP(H3,'SMP Malili'!$A$11:$AW$49,35,FALSE)) -> 96000
A16: Hadir Terlambat | C16: =IF(LEN(VLOOKUP(H3,'SMP Malili'!$A$11:$AX$49,9,FALSE))=0," ",VLOOKUP(H3,'SMP Malili'!$A$11:$AX$49,9,FALSE)) -> 0 | D16: b. Absensi Kepulangan | E16: =IF(LEN(VLOOKUP(H3,'SMP Malili'!$A$11:$AW$49,36,FALSE))=0,"0",VLOOKUP(H3,'SMP Malili'!$A$11:$AW$49,36,FALSE)) -> 96000
A17: Tidak Absen Pulang | C17: =IF(LEN(VLOOKUP(H3,'SMP Malili'!$A$11:$AX$49,13,FALSE))=0," ",VLOOKUP(H3,'SMP Malili'!$A$11:$AX$49,13,FALSE)) -> 0 | D17: c. Transportasi | E17: =IF(LEN(VLOOKUP(H3,'SMP Malili'!$A$11:$AW$49,34,FALSE))=0,"0",VLOOKUP(H3,'SMP Malili'!$A$11:$AW$49,34,FALSE)) -> 144000
A18: Tidak Absen Masuk | C18: =IF(LEN(VLOOKUP(H3,'SMP Malili'!$A$11:$AX$49,10,FALSE))=0," ",VLOOKUP(H3,'SMP Malili'!$A$11:$AX$49,10,FALSE)) -> 0 | D18: 6. KJM | E18: =IF(LEN(VLOOKUP(H3,'SMP Malili'!$A$11:$AW$49,37,FALSE))=0,"0",VLOOKUP(H3,'SMP Malili'!$A$11:$AW$49,37,FALSE)) -> 60000
A19: Cepat Pulang | C19: =IF(LEN(VLOOKUP(H3,'SMP Malili'!$A$11:$AX$49,12,FALSE))=0," ",VLOOKUP(H3,'SMP Malili'!$A$11:$AX$49,12,FALSE)) -> 0 | D19: 7. Penilaian Kinerja | E19: =IF(LEN(VLOOKUP(H3,'SMP Malili'!$A$11:$AW$49,38,FALSE))=0,"0",VLOOKUP(H3,'SMP Malili'!$A$11:$AW$49,38,FALSE)) -> 150000
A20: Predikat Kinerja | C20: =IF(LEN(VLOOKUP(H3,'SMP Malili'!$A$11:$AX$49,48,FALSE))=0,"0",VLOOKUP(H3,'SMP Malili'!$A$11:$AX$49,48,FALSE)) -> A | D20: 9. Tunjangan Apresiasi | E20: =IF(LEN(VLOOKUP(H3,'SMP Malili'!$A$11:$AW$49,39,FALSE))=0,"0",VLOOKUP(H3,'SMP Malili'!$A$11:$AW$49,39,FALSE)) -> 0
A21: " Hai orang-orang beriman, makanlah diantara rezeki yang baik-baik kami berikan kepadamu dan bersyukurlah kepada Allah, jika benar-benar kepada Nya kamu menyembah
D24: Total B | E24: =SUM(E10:E23) -> 1196000
A25: Dicetak : | B25: ='SMP Malili'!B5 -> 46244 | D25: C. Pemotongan
D26: 1. Ta`awun | E26: =IF(LEN(VLOOKUP(H3,'SMP Malili'!$A$11:$AW$49,46,FALSE))=0,"0",VLOOKUP(H3,'SMP Malili'!$A$11:$AW$49,46,FALSE)) -> 0
D27: 2. SIM-T | E27: =IF(LEN(VLOOKUP(H3,'SMP Malili'!$A$11:$AW$49,45,FALSE))=0,"0",VLOOKUP(H3,'SMP Malili'!$A$11:$AW$49,45,FALSE)) -> 0
D28: 3. Pinjaman | E28: =IF(LEN(VLOOKUP(H3,'SMP Malili'!$A$11:$AW$49,47,FALSE))=0,"0",VLOOKUP(H3,'SMP Malili'!$A$11:$AW$49,47,FALSE)) -> 0
D29: 4. Pemotongan Luar Cuti | E29: =IF(LEN(VLOOKUP(H3,'SMP Malili'!$A$11:$AW$49,42,FALSE))=0,"0",VLOOKUP(H3,'SMP Malili'!$A$11:$AW$49,42,FALSE)) -> 0
D30: Total C | E30: =SUM(E26:E29) -> 0
B31: Bendahar Yayasan | D31: Rekapitulasi Akhir
D32: Total A,B | E32: =SUM(E8,E24) -> 2406000
D33: Total C | E33: =E30 -> 0
D34: Total Pendapatan | E34: =E32-E33 -> 2406000

Sheet REKAP KAFALAH SMP
A1: REKAPAN KAFALAH BULAN
A2: ='SMP Malili'!B3 -> Periode 26 Juni 2026 s/d 25 Juli 2026
A3: ='SMP Malili'!B4 -> SMPIT
A4: NO | B4: NAMA | C4: TOTAL PENDAPATAN WAJIB | D4: TOTAL PENDAPATAN INSENTIF | E4: POTONGAN | F4: TOTAL KAFALAH YANG DITERIMA
A5: 1 | B5: ='SMP Malili'!B11 -> Rahmat Saputra, S.H., M.Pd. | C5: ='SMP Malili'!Y11 -> 1210000 | D5: ='SMP Malili'!AN11 -> 1196000 | E5: ='SMP Malili'!AW11 -> 0 | F5: ='SMP Malili'!AY11 -> 2406000
A6: 2 | B6: ='SMP Malili'!B12 -> Samsul Bahri, S.Pd | C6: ='SMP Malili'!Y12 -> 1230000 | D6: ='SMP Malili'!AN12 -> 1056000 | E6: ='SMP Malili'!AW12 -> 0 | F6: ='SMP Malili'!AY12 -> 2286000
A7: 3 | B7: ='SMP Malili'!B13 -> Andi Bay, S.Pd.I | C7: ='SMP Malili'!Y13 -> 1460000 | D7: ='SMP Malili'!AN13 -> 836000 | E7: ='SMP Malili'!AW13 -> 0 | F7: ='SMP Malili'!AY13 -> 2296000
A8: 4 | B8: ='SMP Malili'!B14 -> La Ode Pola Kota, S.Pd.I | C8: ='SMP Malili'!Y14 -> 1110000 | D8: ='SMP Malili'!AN14 -> 1136000 | E8: ='SMP Malili'!AW14 -> 0 | F8: ='SMP Malili'!AY14 -> 2246000
A9: 5 | B9: ='SMP Malili'!B15 -> Isruddin | C9: ='SMP Malili'!Y15 -> 1210000 | D9: ='SMP Malili'!AN15 -> 1160000 | E9: ='SMP Malili'!AW15 -> 0 | F9: ='SMP Malili'!AY15 -> 2370000
A10: 6 | B10: ='SMP Malili'!B16 -> Dahlima Jufri, S.Pd | C10: ='SMP Malili'!Y16 -> 1050000 | D10: ='SMP Malili'!AN16 -> 1580000 | E10: ='SMP Malili'!AW16 -> 0 | F10: ='SMP Malili'!AY16 -> 2630000
A11: 7 | B11: ='SMP Malili'!B17 -> Gustiana R, S.Pd | C11: ='SMP Malili'!Y17 -> 1200000 | D11: ='SMP Malili'!AN17 -> 806000 | E11: ='SMP Malili'!AW17 -> 0 | F11: ='SMP Malili'!AY17 -> 2006000
A12: 8 | B12: ='SMP Malili'!B18 -> Hikmawati, S.Pd | C12: ='SMP Malili'!Y18 -> 1090000 | D12: ='SMP Malili'!AN18 -> 1206000 | E12: ='SMP Malili'!AW18 -> 0 | F12: ='SMP Malili'!AY18 -> 2296000
A13: 9 | B13: ='SMP Malili'!B19 -> Asma Djaling, S.Pd | C13: ='SMP Malili'!Y19 -> 950000 | D13: ='SMP Malili'!AN19 -> 706000 | E13: ='SMP Malili'!AW19 -> 0 | F13: ='SMP Malili'!AY19 -> 1656000
A14: 10 | B14: ='SMP Malili'!B20 -> Nursakia, S.H | C14: ='SMP Malili'!Y20 -> 500000 | D14: ='SMP Malili'!AN20 -> 1466000 | E14: ='SMP Malili'!AW20 -> 0 | F14: ='SMP Malili'!AY20 -> 1966000
A15: 11 | B15: ='SMP Malili'!B21 -> 0 | C15: ='SMP Malili'!Y21 -> 0 | D15: ='SMP Malili'!AN21 -> 0 | E15: ='SMP Malili'!AW21 -> 0 | F15: ='SMP Malili'!AY21 -> 0
A16: 12 | B16: ='SMP Malili'!B22 -> 0 | C16: ='SMP Malili'!Y22 -> 0 | D16: ='SMP Malili'!AN22 -> 0 | E16: ='SMP Malili'!AW22 -> 0 | F16: ='SMP Malili'!AY22 -> 0
A17: Total | F17: =SUM(F5:F16) -> 22158000

Sheet Data Base SMA PPIB
A1: DATA BASE TENAGA PEGAWAI
A2: YAYASAN PENDIDIKAN
A3: UNIT SMA PPIB
A4: TAHUN AJARAN 2026-2027
A6: No | B6: Nama | C6: Jenis Kelamin | D6: Tanggal Masuk | E6: Today | F6: Masa Kerja | G6: Status Kepegawaian (PP/PK/PT/INVAL) | H6: Golongan Kepegawaian | I6: NUPTK | J6: Jabatan | K6: NIY | L6: Tempat Kelahiran | M6: Tanggal Lahir | N6: Usia | O6: NIK | P6: Alamat KTP | Q6: Alamat Domisili Sekarang | R6: Ijazah Terakhir | S6: Ijazah Terakhir / Jurusan / PT | T6: Status Pernikahan | U6: Nama Suami/Istri | V6: No. BPJS Kesehatan | W6: NPWP | X6: Jumlah Anak | Y6: No. Telp | AA6: Nama Murrobbi/Murobbiyah | AB6: E-Mail | AC6: Pengalaman Kerja | AD6: Pelatihan Yang telah diikuti | AE6: Skill (kemampuan) yang dimiliki | AF6: Skill (kemampuan) yang ingin ditingkatkan | AG6: Kemampuan Berbahasa Asing | AH6: Keterangan
Y7: Pribadi | Z7: Keluarga
A8: 1 | B8: Irwan Jaya | C8: PR | D8: 44743 | E8: =TODAY() -> 46244 | F8: =DATEDIF(D8,E8,"y")&" "&"Tahun"&" "&DATEDIF(D8,E8,"ym")&" "&"Bulan"&" "&DATEDIF(D8,E8,"md")&" "&"Hari" -> 4 Tahun 1 Bulan 9 Hari | G8: PT | J8: Kepsek | K8: 1802199006200805001 | L8: Malili | M8: 36209 | N8: =DATEDIF(M8,E8,"y")&" "&"Tahun"&" "&DATEDIF(M8,E8,"ym")&" "&"Bulan"&" "&DATEDIF(M8,E8,"md")&" "&"Hari" -> 27 Tahun 5 Bulan 23 Hari | P8: 0 | R8: S1 | T8: Menikah | V8: - | W8: 0 | X8: 3 | AB8: 0 | AC8: 0 | AD8: 0 | AE8: 0 | AF8: 0 | AG8: 0
A9: 2 | B9: Siti Aminah | C9: PR | D9: 44743 | E9: =TODAY() -> 46244 | F9: =DATEDIF(D9,E9,"y")&" "&"Tahun"&" "&DATEDIF(D9,E9,"ym")&" "&"Bulan"&" "&DATEDIF(D9,E9,"md")&" "&"Hari" -> 4 Tahun 1 Bulan 9 Hari | G9: PT | J9: Bendahara/Wali Kelas | K9: 1911199708202105005 | L9: Pare-pare | M9: 35753 | N9: =DATEDIF(M9,E9,"y")&" "&"Tahun"&" "&DATEDIF(M9,E9,"ym")&" "&"Bulan"&" "&DATEDIF(M9,E9,"md")&" "&"Hari" -> 28 Tahun 8 Bulan 22 Hari | P9: 0 | R9: S1 | T9: Menikah | V9: 0 | W9: 0 | X9: 0 | Z9: 0 | AB9: 0 | AC9: 0 | AD9: 0 | AE9: 0 | AF9: 0 | AG9: 0
A10: 3 | B10: Muhammad Idham | C10: PR | D10: 44743 | E10: =TODAY() -> 46244 | F10: =DATEDIF(D10,E10,"y")&" "&"Tahun"&" "&DATEDIF(D10,E10,"ym")&" "&"Bulan"&" "&DATEDIF(D10,E10,"md")&" "&"Hari" -> 4 Tahun 1 Bulan 9 Hari | G10: PT | J10: Wali Kelas | K10: 2112199206202205006 | L10: Pangkep | M10: 33959 | N10: =DATEDIF(M10,E10,"y")&" "&"Tahun"&" "&DATEDIF(M10,E10,"ym")&" "&"Bulan"&" "&DATEDIF(M10,E10,"md")&" "&"Hari" -> 33 Tahun 7 Bulan 20 Hari | P10: 0 | R10: SMA | T10: Menikah | V10: 0 | W10: 0 | X10: 4 | Z10: 0 | AB10: 0 | AC10: 0 | AD10: 0 | AE10: 0 | AF10: 0 | AG10: 0

Sheet SMA PIPB
A1: DRAFT STRUKTUR KAFALAH SMA
A2: TAHUN AJARAN 2026-2027
B3: Periode 26 Juni 2026 s/d 25 Juli 2026 | AG3: =AB16/3 -> 0 | AL3: 125000
B4: SMA PIPB | L4: Blok Merah kena Pelanggaran
B5: =TODAY() -> 46244 | L5: Blok Kuning Cuti
A6: A. PEGAWAI TETAP YAYASAN (BERHENTI/DIBERHENTIKAN)
A7: 1 | B7: 2 | C7: 3 | D7: 4 | E7: 5 | F7: 6 | G7: 7 | H7: 8 | I7: 9 | J7: 10 | K7: 11 | L7: 12 | M7: 13 | N7: 14 | O7: 15 | P7: 16 | Q7: 17 | R7: 18 | S7: 19 | T7: 20 | U7: 21 | V7: 22 | W7: 23 | X7: 24 | Y7: 25 | Z7: 26 | AA7: 27 | AB7: 28 | AC7: 29 | AD7: 30 | AE7: 31 | AF7: 32 | AG7: 33 | AH7: 34 | AI7: 35 | AJ7: 36 | AK7: 37 | AL7: 38 | AM7: 39 | AN7: 40 | AO7: 41 | AP7: 42 | AQ7: 43 | AR7: 44 | AS7: 45 | AT7: 46 | AU7: 47 | AV7: 48 | AW7: 49 | AX7: 50 | AY7: 51
A8: NO | B8: NAMA | C8: Jabatan | D8: Kehadiran Real | E8: HARI EFEKTIF | F8: KEHADIRAN | G8: TIDAK HADIR | H8: TEPAT WAKTU DATANG | I8: TERLAMBAT | J8: TIDAK ABSEN MASUK | K8: TIDAK CEPAT PULANG | L8: CEPAT PULANG | M8: TIDAK ABSEN PULANG | N8: DURASI SIM-T & Keterlambatan Mengajar | O8: JUMLAH KELEBIHAN JAM MENGAJAR | P8: Pembina KPI | Q8: Starata | R8: LAMA MENGABDI | S8: Jumlah Pengabdian | T8: Status Pegawai | U8: PENDAPATAN WAJIB | Y8: TOTAL 1 | Z8: PENDAPATAN INSENTIF | AN8: TOTAL 2 | AO8: JUMLAH PENDAPATAN (TOTAL 1, 2,) | AP8: PEMOTONGAN | AW8: JUMLAH PEMOTONGAN | AX8: NAMA | AY8: TOTAL KAFALAH YANG DITERIMA
U9: KAFALAH POKOK | V9: TUNJ. KELUARGA | Z9: TUNJ. STRUKTURAL JABATAN | AA9: TUNJ. PENGABDIAN | AB9: TUNJ. FUNGSIONAL | AF9: TOTAL TUNJ. FUNGSIONAL | AG9: TUNJ. PONDOK | AH9: TUNJ. TRANSPORTASI | AI9: TUNJ. TEPAT WAKTU DATANG | AJ9: TUNJ. TIDAK CEPAT PULANG | AK9: TUNJ. KJM | AL9: TUNJ. PRESTASI KINERJA | AM9: TUNJ. APRESIASI | AP9: PEMOTONGAN LUAR TANGGUNGAN | AQ9: Persen (%) Cuti Luar Tanggungan | AR9: DURASI SIM-T | AS9: Jumlah Pemotongan SIM-T | AT9: Ta`awun | AU9: PINJAMAN | AV9: Predikat Kinerja
V10: ISTRI | W10: JML ANAK | X10: ANAK | AB10: 1 | AC10: 2 | AD10: 3 | AE10: 4
A11: 1 | B11: ='Data Base SMA PPIB'!B8 -> Irwan Jaya | C11: ='Data Base SMA PPIB'!J8 -> Kepsek | D11: =F11+I11 -> 24 | E11: 24 | F11: =E11-G11-I11 -> 24 | G11: 0 | H11: =E11-G11-I11-J11 -> 24 | I11: 0 | J11: 0 | K11: =E11-G11-L11-M11 -> 24 | L11: 0 | M11: 0 | N11: 0 | O11: 24 | Q11: ='Data Base SMA PPIB'!R8 -> S1 | R11: ='Data Base SMA PPIB'!F8 -> 4 Tahun 1 Bulan 9 Hari | S11: 10 | T11: ='Data Base SMA PPIB'!G8 -> PT | U11: 950000 | V11: 50000 | W11: ='Data Base SMA PPIB'!X8 -> 3 | X11: =W11*20000 -> 60000 | Y11: =U11+V11+X11 -> 1060000 | Z11: 500000 | AA11: 150000 | AB11: 100000 | AF11: =SUM(AB11:AE11) -> 100000 | AG11: =P11*4500*7 -> 0 | AH11: =F11*6000 -> 144000 | AI11: =H11*4000 -> 96000 | AJ11: =K11*4000 -> 96000 | AK11: =O11*5000 -> 120000 | AL11: 150000 | AM11: 0 | AN11: =SUM(Z11,AA11,AF11,AG11,AH11,AI11,AJ11,AK11,AL11) -> 1356000 | AO11: =Y11+AN11 -> 2416000 | AP11: =AO11*AQ11 -> 0 | AR11: =N11 -> 0 | AS11: =AQ11*AR11 -> 0 | AT11: 0 | AU11: 0 | AV11: A | AW11: =SUM(AP11,AS11,AT11,AU11) -> 0 | AX11: =B11 -> Irwan Jaya | AY11: =AO11-AW11 -> 2416000
A12: 2 | B12: ='Data Base SMA PPIB'!B9 -> Siti Aminah | C12: ='Data Base SMA PPIB'!J9 -> Bendahara/Wali Kelas | D12: =F12+I12 -> 24 | E12: 24 | F12: =E12-G12-I12 -> 24 | G12: 0 | H12: =E12-G12-I12-J12 -> 24 | I12: 0 | J12: 0 | K12: =E12-G12-L12-M12 -> 24 | L12: 0 | M12: 0 | N12: 0 | Q12: ='Data Base SMA PPIB'!R9 -> S1 | R12: ='Data Base SMA PPIB'!F9 -> 4 Tahun 1 Bulan 9 Hari | S12: 4 | T12: ='Data Base SMA PPIB'!G9 -> PT | U12: 950000 | W12: ='Data Base SMA PPIB'!X9 -> 0 | X12: =W12*20000 -> 0 | Y12: =U12+V12+X12 -> 950000 | Z12: 400000 | AA12: 150000 | AB12: 100000 | AF12: =SUM(AB12:AE12) -> 100000 | AH12: =F12*6000 -> 144000 | AI12: =H12*4000 -> 96000 | AJ12: =K12*4000 -> 96000 | AK12: =O12*5000 -> 0 | AL12: 150000 | AM12: 0 | AN12: =SUM(Z12,AA12,AF12,AG12,AH12,AI12,AJ12,AK12,AL12) -> 1136000 | AO12: =Y12+AN12 -> 2086000 | AP12: =AO12*AQ12 -> 0 | AR12: =N12 -> 0 | AS12: =AQ12*AR12 -> 0 | AU12: 0 | AV12: A | AW12: =SUM(AP12,AS12,AT12,AU12) -> 0 | AX12: =B12 -> Siti Aminah | AY12: =AO12-AW12 -> 2086000
A13: 3 | B13: ='Data Base SMA PPIB'!B10 -> Muhammad Idham | C13: ='Data Base SMA PPIB'!J10 -> Wali Kelas | D13: =F13+I13 -> 24 | E13: 24 | F13: =E13-G13-I13 -> 24 | G13: 0 | H13: =E13-G13-I13-J13 -> 24 | I13: 0 | J13: 0 | K13: =E13-G13-L13-M13 -> 24 | L13: 0 | M13: 0 | N13: 0 | Q13: ='Data Base SMA PPIB'!R10 -> SMA | R13: ='Data Base SMA PPIB'!F10 -> 4 Tahun 1 Bulan 9 Hari | S13: 4 | T13: ='Data Base SMA PPIB'!G10 -> PT | U13: 950000 | V13: 50000 | W13: ='Data Base SMA PPIB'!X10 -> 4 | X13: =W13*20000 -> 80000 | Y13: =U13+V13+X13 -> 1080000 | AA13: 150000 | AB13: 100000 | AF13: =SUM(AB13:AE13) -> 100000 | AH13: =F13*6000 -> 144000 | AI13: =H13*4000 -> 96000 | AJ13: =K13*4000 -> 96000 | AK13: =O13*5000 -> 0 | AL13: 150000 | AM13: 0 | AN13: =SUM(Z13,AA13,AF13,AG13,AH13,AI13,AJ13,AK13,AL13) -> 736000 | AO13: =Y13+AN13 -> 1816000 | AP13: =AO13*AQ13 -> 0 | AR13: =N13 -> 0 | AS13: =AQ13*AR13 -> 0 | AU13: 0 | AV13: A | AW13: =SUM(AP13,AS13,AT13,AU13) -> 0 | AX13: =B13 -> Muhammad Idham | AY13: =AO13-AW13 -> 1816000
A14: 4 | Q14: ='Data Base SMA PPIB'!R11 -> 0 | R14: ='Data Base SMA PPIB'!F11 -> 0 | T14: ='Data Base SMA PPIB'!G11 -> 0 | X14: =W14*20000 -> 0 | AF14: =SUM(AB14:AE14) -> 0 | AH14: =F14*6000 -> 0 | AI14: =H14*4000 -> 0 | AJ14: =K14*4000 -> 0 | AK14: =O14*5000 -> 0 | AM14: 0 | AN14: =SUM(Z14,AA14,AF14,AG14,AH14,AI14,AJ14,AK14,AL14) -> 0 | AO14: =Y14+AN14 -> 0 | AP14: =AO14*AQ14 -> 0 | AR14: =N14 -> 0 | AS14: =AQ14*AR14 -> 0 | AU14: 0 | AV14: A | AW14: =SUM(AP14,AS14,AT14,AU14) -> 0 | AY14: =AO14-AW14 -> 0
A15: 5 | Q15: ='Data Base SMA PPIB'!R12 -> 0 | R15: ='Data Base SMA PPIB'!F12 -> 0 | T15: ='Data Base SMA PPIB'!G12 -> 0 | X15: =W15*20000 -> 0 | AF15: =SUM(AB15:AE15) -> 0 | AH15: =F15*6000 -> 0 | AI15: =H15*4000 -> 0 | AJ15: =K15*4000 -> 0 | AK15: =O15*5000 -> 0 | AM15: 0 | AN15: =SUM(Z15,AA15,AF15,AG15,AH15,AI15,AJ15,AK15,AL15) -> 0 | AO15: =Y15+AN15 -> 0 | AP15: =AO15*AQ15 -> 0 | AR15: =N15 -> 0 | AS15: =AQ15*AR15 -> 0 | AU15: 0 | AV15: A | AW15: =SUM(AP15,AS15,AT15,AU15) -> 0 | AY15: =AO15-AW15 -> 0
A16: 6 | Q16: ='Data Base SMA PPIB'!R13 -> 0 | R16: ='Data Base SMA PPIB'!F13 -> 0 | T16: ='Data Base SMA PPIB'!G13 -> 0 | X16: =W16*20000 -> 0 | AF16: =SUM(AB16:AE16) -> 0 | AH16: =F16*6000 -> 0 | AI16: =H16*4000 -> 0 | AJ16: =K16*4000 -> 0 | AK16: =O16*5000 -> 0 | AM16: 0 | AN16: =SUM(Z16,AA16,AF16,AG16,AH16,AI16,AJ16,AK16,AL16) -> 0 | AO16: =Y16+AN16 -> 0 | AP16: =AO16*AQ16 -> 0 | AR16: =N16 -> 0 | AS16: =AQ16*AR16 -> 0 | AU16: 0 | AV16: A | AW16: =SUM(AP16,AS16,AT16,AU16) -> 0 | AY16: =AO16-AW16 -> 0
A17: 7 | R17: ='Data Base TK Malili'!F14 -> 0 | T17: ='Data Base SMA PPIB'!G14 -> 0 | X17: =W17*20000 -> 0 | AF17: =SUM(AB17:AE17) -> 0 | AH17: =F17*6000 -> 0 | AI17: =H17*4000 -> 0 | AJ17: =K17*4000 -> 0 | AK17: =O17*5000 -> 0 | AM17: 0 | AN17: =SUM(Z17,AA17,AF17,AG17,AH17,AI17,AJ17,AK17,AL17) -> 0 | AO17: =Y17+AN17 -> 0 | AP17: =AO17*AQ17 -> 0 | AR17: =N17 -> 0 | AS17: =AQ17*AR17 -> 0 | AU17: 0 | AV17: A | AW17: =SUM(AP17,AS17,AT17,AU17) -> 0 | AY17: =AO17-AW17 -> 0
A18: 8 | R18: ='Data Base TK Malili'!F15 -> 0 | T18: ='Data Base SMA PPIB'!G15 -> 0 | X18: =W18*20000 -> 0 | AF18: =SUM(AB18:AE18) -> 0 | AH18: =F18*6000 -> 0 | AI18: =H18*4000 -> 0 | AJ18: =K18*4000 -> 0 | AK18: =O18*5000 -> 0 | AM18: 0 | AN18: =SUM(Z18,AA18,AF18,AG18,AH18,AI18,AJ18,AK18,AL18) -> 0 | AO18: =Y18+AN18 -> 0 | AP18: =AO18*AQ18 -> 0 | AR18: =N18 -> 0 | AS18: =AQ18*AR18 -> 0 | AU18: 0 | AV18: A | AW18: =SUM(AP18,AS18,AT18,AU18) -> 0 | AY18: =AO18-AW18 -> 0
AY19: =SUM(AY11:AY18) -> 6318000
B20: ='Data Base Guru SD'!B44 -> 0 | R20: ='Data Base Guru SD'!F44 -> 0

Sheet Slip Gaji SMA
D3: RINCIAN PENDAPATAN | H3: 1
D4: A. Pendapatan Wajib
D5: 1. Gaji Pokok | E5: =IF(LEN(VLOOKUP(H3,'SMA PIPB'!$A$11:$AX$49,21,FALSE))=0," ",VLOOKUP(H3,'SMA PIPB'!$A$11:$AX$49,21,FALSE)) -> 950000
D6: 2. Istri | E6: =IF(LEN(VLOOKUP(H3,'SMA PIPB'!$A$11:$AW$49,22,FALSE))=0," ",VLOOKUP(H3,'SMA PIPB'!$A$11:$AW$49,22,FALSE)) -> 50000
A7: SLIP GAJI | D7: 3. Anak | E7: =IF(LEN(VLOOKUP(H3,'SMA PIPB'!$A$11:$AW$49,24,FALSE))=0,"0",VLOOKUP(H3,'SMA PIPB'!$A$11:$AW$49,24,FALSE)) -> 60000
A8: No | B8: =IF(LEN(VLOOKUP(H3,'SMA PIPB'!$A$11:$AX$49,1,FALSE))=0," ",VLOOKUP(H3,'SMA PIPB'!$A$11:$AX$49,1,FALSE)) -> 1 | D8: Total A | E8: =SUM(E5:E7) -> 1060000
A9: Nama | B9: =IF(LEN(VLOOKUP(H3,'SMA PIPB'!$A$11:$AX$49,2,FALSE))=0," ",VLOOKUP(H3,'SMA PIPB'!$A$11:$AX$49,2,FALSE)) -> Irwan Jaya | D9: B. Tunjangan Pendapatan
D10: 1. Stuktural | E10: =IF(LEN(VLOOKUP(H3,'SMA PIPB'!$A$11:$AW$49,26,FALSE))=0,"0",VLOOKUP(H3,'SMA PIPB'!$A$11:$AW$49,26,FALSE)) -> 500000
A11: ='SMA PIPB'!B3 -> Periode 26 Juni 2026 s/d 25 Juli 2026 | D11: 2. Pengabdian | E11: =IF(LEN(VLOOKUP(H3,'SMA PIPB'!$A$11:$AW$49,27,FALSE))=0,"0",VLOOKUP(H3,'SMA PIPB'!$A$11:$AW$49,27,FALSE)) -> 150000
A12: ='SMA PIPB'!B4 -> SMA PIPB | D12: 3. Fungsional | E12: =IF(LEN(VLOOKUP(H3,'SMA PIPB'!$A$11:$AW$49,32,FALSE))=0,"0",VLOOKUP(H3,'SMA PIPB'!$A$11:$AW$49,32,FALSE)) -> 100000
A13: Hari Efektif Kerja | C13: =IF(LEN(VLOOKUP(H3,'SMA PIPB'!$A$11:$AX$49,5,FALSE))=0," ",VLOOKUP(H3,'SMA PIPB'!$A$11:$AX$49,5,FALSE)) -> 24 | D13: 4. Pembina | E13: =IF(LEN(VLOOKUP(H3,'SMA PIPB'!$A$11:$AW$49,33,FALSE))=0,"0",VLOOKUP(H3,'SMA PIPB'!$A$11:$AW$49,33,FALSE)) -> 0
A14: Kehadiran | C14: =IF(LEN(VLOOKUP(H3,'SMA PIPB'!$A$11:$AX$49,6,FALSE))=0," ",VLOOKUP(H3,'SMA PIPB'!$A$11:$AX$49,6,FALSE)) -> 24 | D14: 5. Pendapatan Hari Efektif :
A15: Tidak Hadir | C15: =IF(LEN(VLOOKUP(H3,'SMA PIPB'!$A$11:$AX$49,7,FALSE))=0," ",VLOOKUP(H3,'SMA PIPB'!$A$11:$AX$49,7,FALSE)) -> 0 | D15: a. Absensi Kedatangan | E15: =IF(LEN(VLOOKUP(H3,'SMA PIPB'!$A$11:$AW$49,35,FALSE))=0,"0",VLOOKUP(H3,'SMA PIPB'!$A$11:$AW$49,35,FALSE)) -> 96000
A16: Hadir Terlambat | C16: =IF(LEN(VLOOKUP(H3,'SMA PIPB'!$A$11:$AX$49,9,FALSE))=0," ",VLOOKUP(H3,'SMA PIPB'!$A$11:$AX$49,9,FALSE)) -> 0 | D16: b. Absensi Kepulangan | E16: =IF(LEN(VLOOKUP(H3,'SMA PIPB'!$A$11:$AW$49,36,FALSE))=0,"0",VLOOKUP(H3,'SMA PIPB'!$A$11:$AW$49,36,FALSE)) -> 96000
A17: Tidak Absen Pulang | C17: =IF(LEN(VLOOKUP(H3,'SMA PIPB'!$A$11:$AX$49,13,FALSE))=0," ",VLOOKUP(H3,'SMA PIPB'!$A$11:$AX$49,13,FALSE)) -> 0 | D17: c. Transportasi | E17: =IF(LEN(VLOOKUP(H3,'SMA PIPB'!$A$11:$AW$49,34,FALSE))=0,"0",VLOOKUP(H3,'SMA PIPB'!$A$11:$AW$49,34,FALSE)) -> 144000
A18: Tidak Absen Masuk | C18: =IF(LEN(VLOOKUP(H3,'SMA PIPB'!$A$11:$AX$49,10,FALSE))=0," ",VLOOKUP(H3,'SMA PIPB'!$A$11:$AX$49,10,FALSE)) -> 0 | D18: 6. KJM | E18: =IF(LEN(VLOOKUP(H3,'SMA PIPB'!$A$11:$AW$49,37,FALSE))=0,"0",VLOOKUP(H3,'SMA PIPB'!$A$11:$AW$49,37,FALSE)) -> 120000
A19: Cepat Pulang | C19: =IF(LEN(VLOOKUP(H3,'SMA PIPB'!$A$11:$AX$49,12,FALSE))=0," ",VLOOKUP(H3,'SMA PIPB'!$A$11:$AX$49,12,FALSE)) -> 0 | D19: 7. Penilaian Kinerja | E19: =IF(LEN(VLOOKUP(H3,'SMA PIPB'!$A$11:$AW$49,38,FALSE))=0,"0",VLOOKUP(H3,'SMA PIPB'!$A$11:$AW$49,38,FALSE)) -> 150000
A20: Predikat Kinerja | C20: =IF(LEN(VLOOKUP(H3,'SMA PIPB'!$A$11:$AX$49,48,FALSE))=0,"0",VLOOKUP(H3,'SMA PIPB'!$A$11:$AX$49,48,FALSE)) -> A | D20: 9. Tunjangan Apresiasi | E20: =IF(LEN(VLOOKUP(H3,'SMA PIPB'!$A$11:$AW$49,39,FALSE))=0,"0",VLOOKUP(H3,'SMA PIPB'!$A$11:$AW$49,39,FALSE)) -> 0
A21: " Hai orang-orang beriman, makanlah diantara rezeki yang baik-baik kami berikan kepadamu dan bersyukurlah kepada Allah, jika benar-benar kepada Nya kamu menyembah
D24: Total B | E24: =SUM(E10:E23) -> 1356000
A25: Dicetak : | B25: ='SMA PIPB'!B5 -> 46244 | D25: C. Pemotongan
D26: 1. Ta`awun | E26: =IF(LEN(VLOOKUP(H3,'SMA PIPB'!$A$11:$AW$49,46,FALSE))=0,"0",VLOOKUP(H3,'SMA PIPB'!$A$11:$AW$49,46,FALSE)) -> 0
D27: 2. SIM-T | E27: =IF(LEN(VLOOKUP(H3,'SMA PIPB'!$A$11:$AW$49,45,FALSE))=0,"0",VLOOKUP(H3,'SMA PIPB'!$A$11:$AW$49,45,FALSE)) -> 0
D28: 3. Pinjaman | E28: =IF(LEN(VLOOKUP(H3,'SMA PIPB'!$A$11:$AW$49,47,FALSE))=0,"0",VLOOKUP(H3,'SMA PIPB'!$A$11:$AW$49,47,FALSE)) -> 0
D29: 4. Pemotongan Luar Cuti | E29: =IF(LEN(VLOOKUP(H3,'SMA PIPB'!$A$11:$AW$49,42,FALSE))=0,"0",VLOOKUP(H3,'SMA PIPB'!$A$11:$AW$49,42,FALSE)) -> 0
D30: Total C | E30: =SUM(E26:E29) -> 0
B31: Bendahar Yayasan | D31: Rekapitulasi Akhir
D32: Total A,B | E32: =SUM(E8,E24) -> 2416000
D33: Total C | E33: =E30 -> 0
D34: Total Pendapatan | E34: =E32-E33 -> 2416000

Sheet REKAP KAFALAH SMA
A1: REKAPAN KAFALAH BULAN
A2: ='SMA PIPB'!B3 -> Periode 26 Juni 2026 s/d 25 Juli 2026
A3: ='SMA PIPB'!B4 -> SMA PIPB
A4: NO | B4: NAMA | C4: TOTAL PENDAPATAN WAJIB | D4: TOTAL PENDAPATAN INSENTIF | E4: POTONGAN | F4: TOTAL KAFALAH YANG DITERIMA
A5: 1 | B5: ='SMA PIPB'!B11 -> Irwan Jaya | C5: ='SMA PIPB'!Y11 -> 1060000 | D5: ='SMA PIPB'!AN11 -> 1356000 | E5: ='SMA PIPB'!AW11 -> 0 | F5: ='SMA PIPB'!AY11 -> 2416000
A6: 2 | B6: ='SMA PIPB'!B12 -> Siti Aminah | C6: ='SMA PIPB'!Y12 -> 950000 | D6: ='SMA PIPB'!AN12 -> 1136000 | E6: ='SMA PIPB'!AW12 -> 0 | F6: ='SMA PIPB'!AY12 -> 2086000
A7: 3 | B7: ='SMA PIPB'!B13 -> Muhammad Idham | C7: ='SMA PIPB'!Y13 -> 1080000 | D7: ='SMA PIPB'!AN13 -> 736000 | E7: ='SMA PIPB'!AW13 -> 0 | F7: ='SMA PIPB'!AY13 -> 1816000
A8: 4 | B8: ='SMA PIPB'!B14 -> 0 | C8: ='SMA PIPB'!Y14 -> 0 | D8: ='SMA PIPB'!AN14 -> 0 | E8: ='SMA PIPB'!AW14 -> 0 | F8: ='SMA PIPB'!AY14 -> 0
A9: 5 | B9: ='SMA PIPB'!B15 -> 0 | C9: ='SMA PIPB'!Y15 -> 0 | D9: ='SMA PIPB'!AN15 -> 0 | E9: ='SMA PIPB'!AW15 -> 0 | F9: ='SMA PIPB'!AY15 -> 0
A10: 6 | B10: ='SMA PIPB'!B16 -> 0 | C10: ='SMA PIPB'!Y16 -> 0 | D10: ='SMA PIPB'!AN16 -> 0 | E10: ='SMA PIPB'!AW16 -> 0 | F10: ='SMA PIPB'!AY16 -> 0
A11: 7 | B11: ='SMA PIPB'!B17 -> 0 | C11: ='SMA PIPB'!Y17 -> 0 | D11: ='SMA PIPB'!AN17 -> 0 | E11: ='SMA PIPB'!AW17 -> 0 | F11: ='SMA PIPB'!AY17 -> 0
A12: 8 | B12: ='SMA PIPB'!B18 -> 0 | C12: ='SMA PIPB'!Y18 -> 0 | D12: ='SMA PIPB'!AN18 -> 0 | E12: ='SMA PIPB'!AW18 -> 0 | F12: ='SMA PIPB'!AY18 -> 0
A13: Total | F13: =SUM(F5:F12) -> 6318000

Sheet Data Base PPTQ Malili
A1: DATA BASE TENAGA PEGAWAI
A2: YAYASAN PENDIDIKAN
A3: UNIT PONDOK
A4: TAHUN AJARAN 2026-2027
A6: No | B6: Nama | C6: Jenis Kelamin | D6: Tanggal Masuk | E6: Today | F6: Masa Kerja | G6: Status Kepegawaian (PP/PK/PT/INVAL) | H6: Golongan Kepegawaian | I6: NUPTK | J6: Jabatan | K6: NIY | L6: Tempat Kelahiran | M6: Tanggal Lahir | N6: Usia | O6: NIK | P6: Alamat KTP | Q6: Alamat Domisili Sekarang | R6: Ijazah Terakhir | S6: Ijazah Terakhir / Jurusan / PT | T6: Status Pernikahan | U6: Nama Suami/Istri | V6: No. BPJS Kesehatan | W6: NPWP | X6: Jumlah Anak | Y6: No. Telp | AA6: Nama Murrobbi/Murobbiyah | AB6: E-Mail | AC6: Pengalaman Kerja | AD6: Pelatihan Yang telah diikuti | AE6: Skill (kemampuan) yang dimiliki | AF6: Skill (kemampuan) yang ingin ditingkatkan | AG6: Kemampuan Berbahasa Asing | AH6: Keterangan
Y7: Pribadi | Z7: Keluarga
A8: 1 | B8: Umar, S.Pd.I., S.H., M.Pd | C8: LK | D8: 43101 | E8: =TODAY() -> 46244 | F8: =DATEDIF(D8,E8,"y")&" "&"Tahun"&" "&DATEDIF(D8,E8,"ym")&" "&"Bulan"&" "&DATEDIF(D8,E8,"md")&" "&"Hari" -> 8 Tahun 7 Bulan 9 Hari | G8: PT | J8: Pimpinan Pondok | K8: 2907199001201806001 | L8: Takalar | M8: 33083 | N8: =DATEDIF(M8,E8,"y")&" "&"Tahun"&" "&DATEDIF(M8,E8,"ym")&" "&"Bulan"&" "&DATEDIF(M8,E8,"md")&" "&"Hari" -> 36 Tahun 0 Bulan 12 Hari | P8: 0 | R8: S2 | T8: Menikah | V8: - | W8: 0 | X8: 2 | AB8: 0 | AC8: 0 | AD8: 0 | AE8: 0 | AF8: 0 | AG8: 0
A9: 2 | B9: Ahmad | C9: LK | D9: 45839 | E9: =TODAY() -> 46244 | F9: =DATEDIF(D9,E9,"y")&" "&"Tahun"&" "&DATEDIF(D9,E9,"ym")&" "&"Bulan"&" "&DATEDIF(D9,E9,"md")&" "&"Hari" -> 1 Tahun 1 Bulan 9 Hari | G9: PT | J9: PJ. Internal Pondok | K9: 3005198107202500007 | L9: Pattiroang | M9: 29736 | N9: =DATEDIF(M9,E9,"y")&" "&"Tahun"&" "&DATEDIF(M9,E9,"ym")&" "&"Bulan"&" "&DATEDIF(M9,E9,"md")&" "&"Hari" -> 45 Tahun 2 Bulan 11 Hari | P9: 0 | R9: S2 | T9: Menikah | V9: 0 | W9: 0 | X9: 4 | Z9: 0 | AB9: 0 | AC9: 0 | AD9: 0 | AE9: 0 | AF9: 0 | AG9: 0
A10: 3 | B10: Risman | C10: LK | D10: 43466 | E10: =TODAY() -> 46244 | F10: =DATEDIF(D10,E10,"y")&" "&"Tahun"&" "&DATEDIF(D10,E10,"ym")&" "&"Bulan"&" "&DATEDIF(D10,E10,"md")&" "&"Hari" -> 7 Tahun 7 Bulan 9 Hari | G10: PT | J10: Wali Kelas ( Mengaji ) | K10: 2107198401201906004 | L10: Sambo | M10: 30884 | N10: =DATEDIF(M10,E10,"y")&" "&"Tahun"&" "&DATEDIF(M10,E10,"ym")&" "&"Bulan"&" "&DATEDIF(M10,E10,"md")&" "&"Hari" -> 42 Tahun 0 Bulan 20 Hari | P10: 0 | R10: SMA | T10: Menikah | V10: 0 | W10: 0 | X10: 7 | Z10: 0 | AB10: 0 | AC10: 0 | AD10: 0 | AE10: 0 | AF10: 0 | AG10: 0
A11: 4 | B11: Nurjamilah | C11: PR | D11: 44683 | E11: =TODAY() -> 46244 | F11: =DATEDIF(D11,E11,"y")&" "&"Tahun"&" "&DATEDIF(D11,E11,"ym")&" "&"Bulan"&" "&DATEDIF(D11,E11,"md")&" "&"Hari" -> 4 Tahun 3 Bulan 8 Hari | G11: PT | J11: TU, Operaotor | K11: 020519881220220629 | L11: Baucau | M11: 32265 | N11: =DATEDIF(M11,E11,"y")&" "&"Tahun"&" "&DATEDIF(M11,E11,"ym")&" "&"Bulan"&" "&DATEDIF(M11,E11,"md")&" "&"Hari" -> 38 Tahun 3 Bulan 8 Hari | P11: 0 | R11: S2 | T11: Menikah | V11: 0 | W11: 0 | X11: 4 | Z11: 0 | AB11: 0 | AC11: 0 | AD11: 0 | AE11: 0 | AF11: 0 | AG11: 0
A12: 5 | B12: Wahyuni Syam Nur Hornai | C12: PR | D12: 43647 | E12: =TODAY() -> 46244 | F12: =DATEDIF(D12,E12,"y")&" "&"Tahun"&" "&DATEDIF(D12,E12,"ym")&" "&"Bulan"&" "&DATEDIF(D12,E12,"md")&" "&"Hari" -> 7 Tahun 1 Bulan 9 Hari | G12: PT | J12: Guru Mapel (Mengaji) | K12: .1611200109202406019 | L12: Lampia | M12: 37211 | N12: =DATEDIF(M12,E12,"y")&" "&"Tahun"&" "&DATEDIF(M12,E12,"ym")&" "&"Bulan"&" "&DATEDIF(M12,E12,"md")&" "&"Hari" -> 24 Tahun 8 Bulan 25 Hari | P12: 0 | R12: S1 | T12: Belum Menikah | V12: 0 | W12: 0 | X12: 2 | Z12: 0 | AB12: 0 | AC12: 0 | AD12: 0 | AE12: 0 | AF12: 0 | AG12: 0
A13: 6 | B13: Idha Kuratun Ayuni Hornai | C13: PR | D13: 45536 | E13: =TODAY() -> 46244 | F13: =DATEDIF(D13,E13,"y")&" "&"Tahun"&" "&DATEDIF(D13,E13,"ym")&" "&"Bulan"&" "&DATEDIF(D13,E13,"md")&" "&"Hari" -> 1 Tahun 11 Bulan 9 Hari | G13: PT | J13: Pj. Memasak, Pembina | K13: 2505200011202406025 | L13: Luwu Timur | M13: 36671 | N13: =DATEDIF(M13,E13,"y")&" "&"Tahun"&" "&DATEDIF(M13,E13,"ym")&" "&"Bulan"&" "&DATEDIF(M13,E13,"md")&" "&"Hari" -> 26 Tahun 2 Bulan 16 Hari | P13: 0 | R13: S1 | T13: Belum Menikah | V13: 0 | W13: 0 | X13: 0 | Z13: 0 | AB13: 0 | AC13: 0 | AD13: 0 | AE13: 0 | AF13: 0 | AG13: 0
A14: 7 | B14: Fitriani Hornai | C14: PR | D14: 45200 | E14: =TODAY() -> 46244 | F14: =DATEDIF(D14,E14,"y")&" "&"Tahun"&" "&DATEDIF(D14,E14,"ym")&" "&"Bulan"&" "&DATEDIF(D14,E14,"md")&" "&"Hari" -> 2 Tahun 10 Bulan 9 Hari | G14: PT | J14: Guru Mapel (Mengaji) | K14: 090920252606202515019 | L14: Ossu | M14: 34619 | N14: =DATEDIF(M14,E14,"y")&" "&"Tahun"&" "&DATEDIF(M14,E14,"ym")&" "&"Bulan"&" "&DATEDIF(M14,E14,"md")&" "&"Hari" -> 31 Tahun 9 Bulan 29 Hari | P14: 0 | R14: S1 | T14: Menikah | V14: 0 | W14: 0 | X14: 4 | Z14: 0 | AB14: 0 | AC14: 0 | AD14: 0 | AE14: 0 | AF14: 0 | AG14: 0
A15: 8 | B15: Irma Muh. Seni S.Pd | C15: PR | D15: 45658 | E15: =TODAY() -> 46244 | F15: =DATEDIF(D15,E15,"y")&" "&"Tahun"&" "&DATEDIF(D15,E15,"ym")&" "&"Bulan"&" "&DATEDIF(D15,E15,"md")&" "&"Hari" -> 1 Tahun 7 Bulan 9 Hari | G15: PK | J15: Guru Mapel (Mengaji) | K15: 1303199301202506026 | L15: Palopo | M15: 34041 | N15: =DATEDIF(M15,E15,"y")&" "&"Tahun"&" "&DATEDIF(M15,E15,"ym")&" "&"Bulan"&" "&DATEDIF(M15,E15,"md")&" "&"Hari" -> 33 Tahun 4 Bulan 28 Hari | R15: S1 | T15: Belum Menikah | X15: 0
A16: 9 | B16: Nayla | C16: PR | D16: 46204 | E16: =TODAY() -> 46244 | F16: =DATEDIF(D16,E16,"y")&" "&"Tahun"&" "&DATEDIF(D16,E16,"ym")&" "&"Bulan"&" "&DATEDIF(D16,E16,"md")&" "&"Hari" -> 0 Tahun 1 Bulan 9 Hari | G16: PK | J16: Pembina Asrama | L16: Polewali Mandar | M16: 39645 | N16: =DATEDIF(M16,E16,"y")&" "&"Tahun"&" "&DATEDIF(M16,E16,"ym")&" "&"Bulan"&" "&DATEDIF(M16,E16,"md")&" "&"Hari" -> 18 Tahun 0 Bulan 25 Hari | R16: SMA | T16: Belum Menikah | X16: 0
A17: 10 | B17: Nashwa | C17: PR | D17: 46204 | E17: =TODAY() -> 46244 | F17: =DATEDIF(D17,E17,"y")&" "&"Tahun"&" "&DATEDIF(D17,E17,"ym")&" "&"Bulan"&" "&DATEDIF(D17,E17,"md")&" "&"Hari" -> 0 Tahun 1 Bulan 9 Hari | G17: PK | J17: Pembina Asrama | L17: Sorowako | M17: 39515 | N17: =DATEDIF(M17,E17,"y")&" "&"Tahun"&" "&DATEDIF(M17,E17,"ym")&" "&"Bulan"&" "&DATEDIF(M17,E17,"md")&" "&"Hari" -> 18 Tahun 5 Bulan 2 Hari | R17: SMA | T17: Belum Menikah | X17: 0
A18: 11 | B18: Israeni, S.Pd. | C18: PR | D18: 46204 | E18: =TODAY() -> 46244 | F18: =DATEDIF(D18,E18,"y")&" "&"Tahun"&" "&DATEDIF(D18,E18,"ym")&" "&"Bulan"&" "&DATEDIF(D18,E18,"md")&" "&"Hari" -> 0 Tahun 1 Bulan 9 Hari | G18: PK | J18: Pembina Asrama | L18: Enrekang | M18: 31277 | N18: =DATEDIF(M18,E18,"y")&" "&"Tahun"&" "&DATEDIF(M18,E18,"ym")&" "&"Bulan"&" "&DATEDIF(M18,E18,"md")&" "&"Hari" -> 40 Tahun 11 Bulan 23 Hari | R18: S1 | T18: Belum Menikah | X18: 4

Sheet Ponpes Malili
A1: DRAFT STRUKTUR KAFALAH PONPES
A2: TAHUN AJARAN 2026-2027
B3: Periode 26 Juni 2026 s/d 25 Juli 2026 | AG3: =#REF!/3 -> #REF! | AL3: 125000
B4: Ponpes | L4: Blok Merah kena Pelanggaran
B5: =TODAY() -> 46244 | L5: Blok Kuning Cuti
A6: A. PEGAWAI TETAP YAYASAN (BERHENTI/DIBERHENTIKAN)
A7: 1 | B7: 2 | C7: 3 | D7: 4 | E7: 5 | F7: 6 | G7: 7 | H7: 8 | I7: 9 | J7: 10 | K7: 11 | L7: 12 | M7: 13 | N7: 14 | O7: 15 | P7: 16 | Q7: 17 | R7: 18 | S7: 19 | T7: 20 | U7: 21 | V7: 22 | W7: 23 | X7: 24 | Y7: 25 | Z7: 26 | AA7: 27 | AB7: 28 | AC7: 29 | AD7: 30 | AE7: 31 | AF7: 32 | AG7: 33 | AH7: 34 | AI7: 35 | AJ7: 36 | AK7: 37 | AL7: 38 | AM7: 39 | AN7: 40 | AO7: 41 | AP7: 42 | AQ7: 43 | AR7: 44 | AS7: 45 | AT7: 46 | AU7: 47 | AV7: 48 | AW7: 49 | AX7: 50 | AY7: 51
A8: NO | B8: NAMA | C8: Jabatan | D8: Kehadiran Real | E8: HARI EFEKTIF | F8: KEHADIRAN | G8: TIDAK HADIR | H8: TEPAT WAKTU DATANG | I8: TERLAMBAT | J8: TIDAK ABSEN MASUK | K8: TIDAK CEPAT PULANG | L8: CEPAT PULANG | M8: TIDAK ABSEN PULANG | N8: DURASI SIM-T & Keterlambatan Mengajar | O8: JUMLAH JAM MENGAJAR | P8: Pembina KPI | Q8: Starata | R8: LAMA MENGABDI | S8: Jumlah Pengabdian | T8: Status Pegawai | U8: PENDAPATAN WAJIB | Y8: TOTAL 1 | Z8: PENDAPATAN INSENTIF | AN8: TOTAL 2 | AO8: JUMLAH PENDAPATAN (TOTAL 1, 2,) | AP8: PEMOTONGAN | AW8: JUMLAH PEMOTONGAN | AX8: NAMA | AY8: TOTAL KAFALAH YANG DITERIMA
U9: KAFALAH POKOK | V9: TUNJ. KELUARGA | Z9: TUNJ. STRUKTURAL JABATAN | AA9: TUNJ. PENGABDIAN | AB9: TUNJ. FUNGSIONAL | AF9: TOTAL TUNJ. FUNGSIONAL | AG9: TUNJ. PEMBINA | AH9: TUNJ. TRANSPORTASI | AI9: TUNJ. TEPAT WAKTU DATANG | AJ9: TUNJ. TIDAK CEPAT PULANG | AK9: TUNJ. KJM | AL9: TUNJ. PRESTASI KINERJA | AM9: TUNJ. APRESIASI | AP9: PEMOTONGAN LUAR TANGGUNGAN | AQ9: Persen (%) Cuti Luar Tanggungan | AR9: DURASI SIM-T | AS9: Jumlah Pemotongan SIM-T | AT9: Ta`awun | AU9: PINJAMAN | AV9: Predikat Kinerja
V10: ISTRI | W10: JML ANAK | X10: ANAK | AB10: 1 | AC10: 2 | AD10: 3 | AE10: 4
A11: 1 | B11: ='Data Base PPTQ Malili'!B8 -> Umar, S.Pd.I., S.H., M.Pd | C11: ='Data Base PPTQ Malili'!J8 -> Pimpinan Pondok | D11: =F11+I11 -> 24 | E11: 24 | F11: =E11-G11-I11 -> 24 | G11: 0 | H11: =E11-G11-I11-J11 -> 24 | I11: 0 | J11: 0 | K11: =E11-G11-L11-M11 -> 24 | L11: 0 | M11: 0 | N11: 0 | O11: 132 | Q11: ='Data Base PPTQ Malili'!R8 -> S2 | R11: ='Data Base PPTQ Malili'!F8 -> 8 Tahun 7 Bulan 9 Hari | S11: 8 | T11: ='Data Base PPTQ Malili'!G8 -> PT | U11: 1050000 | V11: 50000 | W11: ='Data Base PPTQ Malili'!X8 -> 2 | X11: =W11*20000 -> 40000 | Y11: =U11+V11+X11 -> 1140000 | Z11: 500000 | AA11: 150000 | AB11: 100000 | AF11: =SUM(AB11:AE11) -> 100000 | AG11: =P11*4500*6 -> 0 | AH11: =F11*6000 -> 144000 | AI11: =H11*4000 -> 96000 | AJ11: =K11*4000 -> 96000 | AK11: =O11*5000 -> 660000 | AL11: 150000 | AM11: 0 | AN11: =SUM(Z11,AA11,AF11,AG11,AH11,AI11,AJ11,AK11,AL11) -> 1896000 | AO11: =Y11+AN11 -> 3036000 | AP11: =AO11*AQ11 -> 0 | AS11: =100*AR11 -> 0 | AT11: 0 | AU11: 0 | AV11: A | AW11: =SUM(AP11,AS11,AT11,AU11) -> 0 | AX11: =B11 -> Umar, S.Pd.I., S.H., M.Pd | AY11: =AO11-AW11 -> 3036000
A12: 2 | B12: ='Data Base PPTQ Malili'!B9 -> Ahmad | C12: ='Data Base PPTQ Malili'!J9 -> PJ. Internal Pondok | D12: =F12+I12 -> 24 | E12: 24 | F12: =E12-G12-I12 -> 24 | G12: 0 | H12: =E12-G12-I12-J12 -> 24 | I12: 0 | J12: 0 | K12: =E12-G12-L12-M12 -> 24 | L12: 0 | M12: 0 | N12: 0 | P12: 30 | Q12: ='Data Base PPTQ Malili'!R9 -> S2 | R12: ='Data Base PPTQ Malili'!F9 -> 1 Tahun 1 Bulan 9 Hari | S12: 1 | T12: ='Data Base PPTQ Malili'!G9 -> PT | U12: 1700000 | W12: ='Data Base PPTQ Malili'!X9 -> 4 | X12: =W12*20000 -> 80000 | Y12: =U12+V12+X12 -> 1780000 | Z12: 500000 | AB12: 100000 | AF12: =SUM(AB12:AE12) -> 100000 | AG12: =P12*4500*6 -> 810000 | AK12: =O12*5000 -> 0 | AL12: 150000 | AM12: 0 | AN12: =SUM(Z12,AA12,AF12,AG12,AH12,AI12,AJ12,AK12,AL12) -> 1560000 | AO12: =Y12+AN12 -> 3340000 | AP12: =AO12*AQ12 -> 0 | AR12: =N12 -> 0 | AS12: =100*AR12 -> 0 | AU12: 0 | AV12: A | AW12: =SUM(AP12,AS12,AT12,AU12) -> 0 | AX12: =B12 -> Ahmad | AY12: =AO12-AW12 -> 3340000
A13: 3 | B13: ='Data Base PPTQ Malili'!B10 -> Risman | C13: ='Data Base PPTQ Malili'!J10 -> Wali Kelas ( Mengaji ) | D13: =F13+I13 -> 24 | E13: 24 | F13: =E13-G13-I13 -> 24 | G13: 0 | H13: =E13-G13-I13-J13 -> 24 | I13: 0 | J13: 0 | K13: =E13-G13-L13-M13 -> 24 | L13: 0 | M13: 0 | N13: 0 | O13: 36 | Q13: ='Data Base PPTQ Malili'!R10 -> SMA | R13: ='Data Base PPTQ Malili'!F10 -> 7 Tahun 7 Bulan 9 Hari | S13: 7 | T13: ='Data Base PPTQ Malili'!G10 -> PT | U13: 1520000 | V13: 50000 | W13: ='Data Base PPTQ Malili'!X10 -> 7 | X13: =W13*20000 -> 140000 | Y13: =U13+V13+X13 -> 1710000 | AA13: 150000 | AB13: 100000 | AF13: =SUM(AB13:AE13) -> 100000 | AG13: =P13*4500*6 -> 0 | AH13: =F13*6000 -> 144000 | AI13: =H13*4000 -> 96000 | AJ13: =K13*4000 -> 96000 | AK13: =O13*5000 -> 180000 | AL13: 150000 | AM13: 0 | AN13: =SUM(Z13,AA13,AF13,AG13,AH13,AI13,AJ13,AK13,AL13) -> 916000 | AO13: =Y13+AN13 -> 2626000 | AP13: =AO13*AQ13 -> 0 | AR13: =N13 -> 0 | AS13: =100*AR13 -> 0 | AU13: 0 | AV13: A | AW13: =SUM(AP13,AS13,AT13,AU13) -> 0 | AX13: =B13 -> Risman | AY13: =AO13-AW13 -> 2626000
A14: 4 | B14: ='Data Base PPTQ Malili'!B14 -> Fitriani Hornai | C14: ='Data Base PPTQ Malili'!J14 -> Guru Mapel (Mengaji) | D14: =F14+I14 -> 24 | E14: 24 | F14: =E14-G14-I14 -> 24 | G14: 0 | H14: =E14-G14-I14-J14 -> 24 | I14: 0 | J14: 0 | K14: =E14-G14-L14-M14 -> 24 | L14: 0 | M14: 0 | N14: 0 | Q14: ='Data Base PPTQ Malili'!R14 -> S1 | R14: ='Data Base PPTQ Malili'!F14 -> 2 Tahun 10 Bulan 9 Hari | S14: 2 | T14: ='Data Base PPTQ Malili'!G14 -> PT | U14: 1160000 | W14: ='Data Base PPTQ Malili'!X14 -> 4 | X14: =W14*20000 -> 80000 | Y14: 900000 | Z14: 400000 | AB14: 100000 | AF14: =SUM(AB14:AE14) -> 100000 | AG14: =P14*4500*6 -> 0 | AH14: =F14*6000 -> 144000 | AI14: =H14*4000 -> 96000 | AJ14: =K14*4000 -> 96000 | AK14: =O14*5000 -> 0 | AL14: 150000 | AM14: 0 | AN14: =SUM(Z14,AA14,AF14,AG14,AH14,AI14,AJ14,AK14,AL14) -> 986000 | AO14: =Y14+AN14 -> 1886000 | AP14: =AO14*AQ14 -> 0 | AR14: =N14 -> 0 | AS14: =100*AR14 -> 0 | AU14: 0 | AV14: A | AW14: =SUM(AP14,AS14,AT14,AU14) -> 0 | AX14: =B14 -> Fitriani Hornai | AY14: =AO14-AW14 -> 1886000
A15: 5 | B15: ='Data Base PPTQ Malili'!B15 -> Irma Muh. Seni S.Pd | C15: ='Data Base PPTQ Malili'!J15 -> Guru Mapel (Mengaji) | D15: =F15+I15 -> 24 | E15: 24 | F15: =E15-G15-I15 -> 24 | G15: 0 | H15: =E15-G15-I15-J15 -> 24 | I15: 0 | J15: 0 | K15: =E15-G15-L15-M15 -> 24 | L15: 0 | M15: 0 | N15: 0 | Q15: ='Data Base PPTQ Malili'!R15 -> S1 | R15: ='Data Base PPTQ Malili'!F15 -> 1 Tahun 7 Bulan 9 Hari | S15: 1 | T15: ='Data Base PPTQ Malili'!G15 -> PK | U15: 550000 | W15: ='Data Base PPTQ Malili'!X15 -> 0 | X15: =W15*20000 -> 0 | Y15: =U15+V15+X15 -> 550000 | AF15: =SUM(AB15:AE15) -> 0 | AG15: =P15*4500*6 -> 0 | AH15: =F15*6000 -> 144000 | AI15: =H15*4000 -> 96000 | AJ15: =K15*4000 -> 96000 | AK15: =O15*5000 -> 0 | AL15: 150000 | AM15: 0 | AN15: =SUM(Z15,AA15,AF15,AG15,AH15,AI15,AJ15,AK15,AL15) -> 486000 | AO15: =Y15+AN15 -> 1036000 | AP15: =AO15*AQ15 -> 0 | AR15: =N15 -> 0 | AS15: =100*AR15 -> 0 | AU15: 0 | AV15: A | AW15: =SUM(AP15,AS15,AT15,AU15) -> 0 | AX15: =B15 -> Irma Muh. Seni S.Pd | AY15: =AO15-AW15 -> 1036000
A16: 6 | B16: ='Data Base PPTQ Malili'!B16 -> Nayla | C16: ='Data Base PPTQ Malili'!J16 -> Pembina Asrama | D16: =F16+I16 -> 24 | E16: 24 | F16: =E16-G16-I16 -> 24 | G16: 0 | H16: =E16-G16-I16-J16 -> 24 | I16: 0 | J16: 0 | K16: =E16-G16-L16-M16 -> 24 | L16: 0 | M16: 0 | N16: 0 | O16: 2 | P16: 30 | Q16: ='Data Base PPTQ Malili'!R16 -> SMA | R16: ='Data Base PPTQ Malili'!F16 -> 0 Tahun 1 Bulan 9 Hari | S16: 0 | T16: ='Data Base PPTQ Malili'!G16 -> PK | W16: ='Data Base PPTQ Malili'!X16 -> 0 | X16: =W16*20000 -> 0 | Y16: =U16+V16+X16 -> 0 | AF16: =SUM(AB16:AE16) -> 0 | AG16: =P16*4500*6 -> 810000 | AK16: =O16*5000 -> 10000 | AL16: 150000 | AM16: 0 | AN16: =SUM(Z16,AA16,AF16,AG16,AH16,AI16,AJ16,AK16,AL16) -> 970000 | AO16: =Y16+AN16 -> 970000 | AP16: =AO16*AQ16 -> 0 | AR16: =N16 -> 0 | AS16: =100*AR16 -> 0 | AU16: 0 | AV16: A | AW16: =SUM(AP16,AS16,AT16,AU16) -> 0 | AX16: =B16 -> Nayla | AY16: =AO16-AW16 -> 970000
A17: 7 | B17: ='Data Base PPTQ Malili'!B17 -> Nashwa | C17: ='Data Base PPTQ Malili'!J17 -> Pembina Asrama | D17: =F17+I17 -> 24 | E17: 24 | F17: =E17-G17-I17 -> 24 | G17: 0 | H17: =E17-G17-I17-J17 -> 24 | I17: 0 | J17: 0 | K17: =E17-G17-L17-M17 -> 24 | L17: 0 | M17: 0 | P17: 30 | Q17: ='Data Base PPTQ Malili'!R17 -> SMA | R17: ='Data Base PPTQ Malili'!F17 -> 0 Tahun 1 Bulan 9 Hari | S17: 0 | T17: ='Data Base PPTQ Malili'!G17 -> PK | W17: ='Data Base PPTQ Malili'!X17 -> 0 | X17: =W17*20000 -> 0 | Y17: =U17+V17+X17 -> 0 | AG17: =P17*4500*6 -> 810000 | AK17: =O17*5000 -> 0 | AL17: 150000 | AN17: =SUM(Z17,AA17,AF17,AG17,AH17,AI17,AJ17,AK17,AL17) -> 960000 | AO17: =Y17+AN17 -> 960000 | AP17: =AO17*AQ17 -> 0 | AR17: =N17 -> 0 | AS17: =100*AR17 -> 0 | AU17: 0 | AV17: A | AW17: =SUM(AP17,AS17,AT17,AU17) -> 0 | AX17: =B17 -> Nashwa | AY17: =AO17-AW17 -> 960000
A18: 8 | B18: ='Data Base PPTQ Malili'!B18 -> Israeni, S.Pd. | C18: ='Data Base PPTQ Malili'!J18 -> Pembina Asrama | D18: =F18+I18 -> 24 | E18: 24 | F18: =E18-G18-I18 -> 24 | G18: 0 | H18: =E18-G18-I18-J18 -> 24 | I18: 0 | J18: 0 | K18: =E18-G18-L18-M18 -> 24 | L18: 0 | M18: 0 | P18: 30 | Q18: ='Data Base PPTQ Malili'!R18 -> S1 | R18: ='Data Base PPTQ Malili'!F18 -> 0 Tahun 1 Bulan 9 Hari | S18: 0 | T18: ='Data Base PPTQ Malili'!G18 -> PK | W18: ='Data Base PPTQ Malili'!X18 -> 4 | X18: =W18*20000 -> 80000 | Y18: =U18+V18+X18 -> 80000 | AG18: =P18*4500*6 -> 810000 | AK18: =O18*5000 -> 0 | AL18: 150000 | AN18: =SUM(Z18,AA18,AF18,AG18,AH18,AI18,AJ18,AK18,AL18) -> 960000 | AO18: =Y18+AN18 -> 1040000 | AP18: =AO18*AQ18 -> 0 | AR18: =N18 -> 0 | AS18: =100*AR18 -> 0 | AU18: 0 | AV18: A | AX18: =B18 -> Israeni, S.Pd. | AY18: =AO18-AW18 -> 1040000
A19: 9 | Q19: ='Data Base SMP Malili'!R22 -> 0 | R19: ='Data Base Guru SD'!F44 -> 0 | AY19: =SUM(AY11:AY18) -> 14894000

Sheet Slip Gaji Ponpes
D3: RINCIAN PENDAPATAN | H3: 2
D4: A. Pendapatan Wajib
D5: 1. Gaji Pokok | E5: =IF(LEN(VLOOKUP(H3,'Ponpes Malili'!$A$11:$AX$49,21,FALSE))=0," ",VLOOKUP(H3,'Ponpes Malili'!$A$11:$AX$49,21,FALSE)) -> 1700000
D6: 2. Istri | E6: =IF(LEN(VLOOKUP(H3,'Ponpes Malili'!$A$11:$AW$49,22,FALSE))=0," ",VLOOKUP(H3,'Ponpes Malili'!$A$11:$AW$49,22,FALSE))
A7: SLIP GAJI | D7: 3. Anak | E7: =IF(LEN(VLOOKUP(H3,'Ponpes Malili'!$A$11:$AW$49,24,FALSE))=0,"0",VLOOKUP(H3,'Ponpes Malili'!$A$11:$AW$49,24,FALSE)) -> 80000
A8: No | B8: =IF(LEN(VLOOKUP(H3,'Ponpes Malili'!$A$11:$AX$49,1,FALSE))=0," ",VLOOKUP(H3,'Ponpes Malili'!$A$11:$AX$49,1,FALSE)) -> 2 | D8: Total A | E8: =SUM(E5:E7) -> 1780000
A9: Nama | B9: =IF(LEN(VLOOKUP(H3,'Ponpes Malili'!$A$11:$AX$49,2,FALSE))=0," ",VLOOKUP(H3,'Ponpes Malili'!$A$11:$AX$49,2,FALSE)) -> Ahmad | D9: B. Tunjangan Pendapatan
D10: 1. Stuktural | E10: =IF(LEN(VLOOKUP(H3,'Ponpes Malili'!$A$11:$AW$49,26,FALSE))=0,"0",VLOOKUP(H3,'Ponpes Malili'!$A$11:$AW$49,26,FALSE)) -> 500000
A11: ='Ponpes Malili'!B3 -> Periode 26 Juni 2026 s/d 25 Juli 2026 | D11: 2. Pengabdian | E11: =IF(LEN(VLOOKUP(H3,'Ponpes Malili'!$A$11:$AW$49,27,FALSE))=0,"0",VLOOKUP(H3,'Ponpes Malili'!$A$11:$AW$49,27,FALSE)) -> 0
A12: ='Ponpes Malili'!B4 -> Ponpes | D12: 3. Fungsional | E12: =IF(LEN(VLOOKUP(H3,'Ponpes Malili'!$A$11:$AW$49,32,FALSE))=0,"0",VLOOKUP(H3,'Ponpes Malili'!$A$11:$AW$49,32,FALSE)) -> 100000
A13: Hari Efektif Kerja | C13: =IF(LEN(VLOOKUP(H3,'Ponpes Malili'!$A$11:$AX$49,5,FALSE))=0," ",VLOOKUP(H3,'Ponpes Malili'!$A$11:$AX$49,5,FALSE)) -> 24 | D13: 4. Pembina Pondok | E13: =IF(LEN(VLOOKUP(H3,'Ponpes Malili'!$A$11:$AW$49,33,FALSE))=0,"0",VLOOKUP(H3,'Ponpes Malili'!$A$11:$AW$49,33,FALSE)) -> 810000
A14: Kehadiran | C14: =IF(LEN(VLOOKUP(H3,'Ponpes Malili'!$A$11:$AX$49,6,FALSE))=0," ",VLOOKUP(H3,'Ponpes Malili'!$A$11:$AX$49,6,FALSE)) -> 24 | D14: 5. Pendapatan Hari Efektif :
A15: Tidak Hadir | C15: =IF(LEN(VLOOKUP(H3,'Ponpes Malili'!$A$11:$AX$49,7,FALSE))=0," ",VLOOKUP(H3,'Ponpes Malili'!$A$11:$AX$49,7,FALSE)) -> 0 | D15: a. Absensi Kedatangan | E15: =IF(LEN(VLOOKUP(H3,'Ponpes Malili'!$A$11:$AW$49,35,FALSE))=0,"0",VLOOKUP(H3,'Ponpes Malili'!$A$11:$AW$49,35,FALSE)) -> 0
A16: Hadir Terlambat | C16: =IF(LEN(VLOOKUP(H3,'Ponpes Malili'!$A$11:$AX$49,9,FALSE))=0," ",VLOOKUP(H3,'Ponpes Malili'!$A$11:$AX$49,9,FALSE)) -> 0 | D16: b. Absensi Kepulangan | E16: =IF(LEN(VLOOKUP(H3,'Ponpes Malili'!$A$11:$AW$49,36,FALSE))=0,"0",VLOOKUP(H3,'Ponpes Malili'!$A$11:$AW$49,36,FALSE)) -> 0
A17: Tidak Absen Pulang | C17: =IF(LEN(VLOOKUP(H3,'Ponpes Malili'!$A$11:$AX$49,13,FALSE))=0," ",VLOOKUP(H3,'Ponpes Malili'!$A$11:$AX$49,13,FALSE)) -> 0 | D17: c. Transportasi | E17: =IF(LEN(VLOOKUP(H3,'Ponpes Malili'!$A$11:$AW$49,34,FALSE))=0,"0",VLOOKUP(H3,'Ponpes Malili'!$A$11:$AW$49,34,FALSE)) -> 0
A18: Tidak Absen Masuk | C18: =IF(LEN(VLOOKUP(H3,'Ponpes Malili'!$A$11:$AX$49,10,FALSE))=0," ",VLOOKUP(H3,'Ponpes Malili'!$A$11:$AX$49,10,FALSE)) -> 0 | D18: 6. KJM | E18: =IF(LEN(VLOOKUP(H3,'Ponpes Malili'!$A$11:$AW$49,37,FALSE))=0,"0",VLOOKUP(H3,'Ponpes Malili'!$A$11:$AW$49,37,FALSE)) -> 0
A19: Cepat Pulang | C19: =IF(LEN(VLOOKUP(H3,'Ponpes Malili'!$A$11:$AX$49,12,FALSE))=0," ",VLOOKUP(H3,'Ponpes Malili'!$A$11:$AX$49,12,FALSE)) -> 0 | D19: 7. Penilaian Kinerja | E19: =IF(LEN(VLOOKUP(H3,'Ponpes Malili'!$A$11:$AW$49,38,FALSE))=0,"0",VLOOKUP(H3,'Ponpes Malili'!$A$11:$AW$49,38,FALSE)) -> 150000
A20: Predikat Kinerja | C20: =IF(LEN(VLOOKUP(H3,'Ponpes Malili'!$A$11:$AX$49,48,FALSE))=0,"0",VLOOKUP(H3,'Ponpes Malili'!$A$11:$AX$49,48,FALSE)) -> A | D20: 9. Tunjangan Apresiasi | E20: =IF(LEN(VLOOKUP(H3,'Ponpes Malili'!$A$11:$AW$49,39,FALSE))=0,"0",VLOOKUP(H3,'Ponpes Malili'!$A$11:$AW$49,39,FALSE)) -> 0
A21: " Hai orang-orang beriman, makanlah diantara rezeki yang baik-baik kami berikan kepadamu dan bersyukurlah kepada Allah, jika benar-benar kepada Nya kamu menyembah
D24: Total B | E24: =SUM(E10:E23) -> 1560000
A25: Dicetak : | B25: ='Ponpes Malili'!B5 -> 46244 | D25: C. Pemotongan
D26: 1. Ta`awun | E26: =IF(LEN(VLOOKUP(H3,'Ponpes Malili'!$A$11:$AW$49,46,FALSE))=0,"0",VLOOKUP(H3,'Ponpes Malili'!$A$11:$AW$49,46,FALSE)) -> 0
D27: 2. SIM-T | E27: =IF(LEN(VLOOKUP(H3,'Ponpes Malili'!$A$11:$AW$49,45,FALSE))=0,"0",VLOOKUP(H3,'Ponpes Malili'!$A$11:$AW$49,45,FALSE)) -> 0
D28: 3. Pinjaman | E28: =IF(LEN(VLOOKUP(H3,'Ponpes Malili'!$A$11:$AW$49,47,FALSE))=0,"0",VLOOKUP(H3,'Ponpes Malili'!$A$11:$AW$49,47,FALSE)) -> 0
D29: 4. Pemotongan Luar Cuti | E29: =IF(LEN(VLOOKUP(H3,'Ponpes Malili'!$A$11:$AW$49,42,FALSE))=0,"0",VLOOKUP(H3,'Ponpes Malili'!$A$11:$AW$49,42,FALSE)) -> 0
D30: Total C | E30: =SUM(E26:E29) -> 0
B31: Bendahar Yayasan | D31: Rekapitulasi Akhir
D32: Total A,B | E32: =SUM(E8,E24) -> 3340000
D33: Total C | E33: =E30 -> 0
D34: Total Pendapatan | E34: =E32-E33 -> 3340000

Sheet REKAP KAFALAH PONPES
A1: REKAPAN KAFALAH BULAN
A2: ='Ponpes Malili'!B3 -> Periode 26 Juni 2026 s/d 25 Juli 2026
A3: ='Ponpes Malili'!B4 -> Ponpes
A4: NO | B4: NAMA | C4: TOTAL PENDAPATAN WAJIB | D4: TOTAL PENDAPATAN INSENTIF | E4: POTONGAN | F4: TOTAL KAFALAH YANG DITERIMA
A5: 1 | B5: ='Ponpes Malili'!B11 -> Umar, S.Pd.I., S.H., M.Pd | C5: ='Ponpes Malili'!Y11 -> 1140000 | D5: ='Ponpes Malili'!AN11 -> 1896000 | E5: ='Ponpes Malili'!AW11 -> 0 | F5: ='Ponpes Malili'!AY11 -> 3036000
A6: 2 | B6: ='Ponpes Malili'!B12 -> Ahmad | C6: ='Ponpes Malili'!Y12 -> 1780000 | D6: ='Ponpes Malili'!AN12 -> 1560000 | E6: ='Ponpes Malili'!AW12 -> 0 | F6: ='Ponpes Malili'!AY12 -> 3340000
A7: 3 | B7: ='Ponpes Malili'!B13 -> Risman | C7: ='Ponpes Malili'!Y13 -> 1710000 | D7: ='Ponpes Malili'!AN13 -> 916000 | E7: ='Ponpes Malili'!AW13 -> 0 | F7: ='Ponpes Malili'!AY13 -> 2626000
A8: 4 | B8: ='Ponpes Malili'!B14 -> Fitriani Hornai | C8: ='Ponpes Malili'!Y14 -> 900000 | D8: ='Ponpes Malili'!AN14 -> 986000 | E8: ='Ponpes Malili'!AW14 -> 0 | F8: ='Ponpes Malili'!AY14 -> 1886000
A9: 5 | B9: ='Ponpes Malili'!B15 -> Irma Muh. Seni S.Pd | C9: ='Ponpes Malili'!Y15 -> 550000 | D9: ='Ponpes Malili'!AN15 -> 486000 | E9: ='Ponpes Malili'!AW15 -> 0 | F9: ='Ponpes Malili'!AY15 -> 1036000
A10: 6 | B10: ='Ponpes Malili'!B16 -> Nayla | C10: ='Ponpes Malili'!Y16 -> 0 | D10: ='Ponpes Malili'!AN16 -> 970000 | E10: ='Ponpes Malili'!AW16 -> 0 | F10: ='Ponpes Malili'!AY16 -> 970000
A11: 7 | B11: ='Ponpes Malili'!B17 -> Nashwa | C11: ='Ponpes Malili'!Y17 -> 0 | D11: ='Ponpes Malili'!AN17 -> 960000 | E11: ='Ponpes Malili'!AW17 -> 0 | F11: ='Ponpes Malili'!AY17 -> 960000
A12: 8 | B12: ='Ponpes Malili'!B18 -> Israeni, S.Pd. | C12: ='Ponpes Malili'!Y18 -> 80000 | D12: ='Ponpes Malili'!AN18 -> 960000 | E12: ='Ponpes Malili'!AW18 -> 0 | F12: ='Ponpes Malili'!AY18 -> 1040000
B13: ='Ponpes Malili'!B20 -> 0 | C13: ='Ponpes Malili'!Y20 -> 0 | D13: ='Ponpes Malili'!AN20 -> 0 | E13: ='Ponpes Malili'!AW20 -> 0 | F13: ='Ponpes Malili'!AY20 -> 0
A14: Total | F14: =SUM(F5:F13) -> 14894000

Sheet Guru Inval
A1: DRAFT STRUKTUR KAFALAH SDIT INSAN RABBANI
A2: TAHUN AJARAN 2026-2027
B3: Periode 26 Juni 2026 s/d 25 Juli 2026
B4: Guru Inval/Honor | L4: Blok Merah kena Pelanggaran
B5: =TODAY() -> 46244 | L5: Blok Kuning Cuti
A6: A. PEGAWAI TETAP YAYASAN (BERHENTI/DIBERHENTIKAN)
A7: 1 | B7: 2 | D7: 3 | E7: 4 | F7: 5 | G7: 6 | H7: 7 | I7: 8 | J7: 9 | K7: 10 | L7: 11 | M7: 12 | N7: 13 | Q7: 25 | R7: 26 | S7: 27 | T7: 28 | U7: 29 | V7: 30 | W7: 31 | X7: 34 | Y7: 40 | Z7: 50 | AA7: 51
A8: NO | B8: NAMA | C8: Jabatan | D8: Kehadiran Real | E8: HARI EFEKTIF | F8: KEHADIRAN | G8: TIDAK HADIR | H8: TEPAT WAKTU DATANG | I8: TERLAMBAT | J8: TIDAK ABSEN MASUK | K8: TIDAK CEPAT PULANG | L8: CEPAT PULANG | M8: TIDAK ABSEN PULANG | N8: DURASI SIM-T & Keterlambatan Mengajar | O8: JUMLAH JAM MENGAJAR | P8: Pembina KPI | Y8: TOTAL 2 | Z8: NAMA | AA8: TOTAL KAFALAH YANG DITERIMA
Q9: TUNJ. FUNGSIONAL | U9: TOTAL TUNJ. FUNGSIONAL | V9: TUNJ. PEMBINA | W9: TUNJ. TRANSPORTASI | X9: TUNJ. JM
Q10: 1 | R10: 2 | S10: 3 | T10: 4
A11: 1 | B11: Rifki | C11: Guru | P11: 30 | U11: =SUM(Q11:T11) -> 0 | V11: =P11*4500*6 -> 810000 | W11: =F11*5000 -> 0 | X11: =O11*10000 -> 0 | Y11: =SUM(V11,W11,X11) -> 810000 | Z11: =B11 -> Rifki | AA11: =Y11 -> 810000
A12: 2 | B12: Mubin | C12: Guru | P12: 30 | U12: =SUM(Q12:T12) -> 0 | V12: =P12*4500*6 -> 810000 | W12: =F12*5000 -> 0 | X12: =O12*10000 -> 0 | Y12: =SUM(V12,W12,X12) -> 810000 | Z12: =B12 -> Mubin | AA12: =Y12 -> 810000
A13: 3 | B13: Maswan | C13: Guru | P13: 30 | U13: =SUM(Q13:T13) -> 0 | V13: =P13*4500*6 -> 810000 | W13: =F13*5000 -> 0 | X13: =O13*10000 -> 0 | Y13: =SUM(V13,W13,X13) -> 810000 | Z13: =B13 -> Maswan | AA13: =Y13 -> 810000
A14: 4 | B14: Irfan | C14: Guru | D14: =F14+I14 -> 24 | E14: 24 | F14: =E14-G14-I14 -> 24 | G14: 0 | H14: =E14-G14-I14-J14 -> 24 | I14: 0 | J14: 0 | K14: =E14-G14-L14-M14 -> 24 | L14: 0 | M14: 0 | N14: 0 | O14: 6 | U14: =SUM(Q14:T14) -> 0 | V14: =P14*4500*6 -> 0 | W14: =F14*5000 -> 120000 | X14: =O14*10000 -> 60000 | Y14: =SUM(V14,W14,X14) -> 180000 | Z14: =B14 -> Irfan | AA14: =Y14 -> 180000
A15: 5 | B15: Fauziah | C15: Guru | D15: =F15+I15 -> 24 | E15: 24 | F15: =E15-G15-I15 -> 24 | G15: 0 | H15: =E15-G15-I15-J15 -> 24 | I15: 0 | J15: 0 | K15: =E15-G15-L15-M15 -> 24 | L15: 0 | M15: 0 | O15: 168 | Q15: 100000 | U15: =SUM(Q15:T15) -> 100000 | V15: =P15*4500*6 -> 0 | W15: =F15*5000 -> 120000 | X15: =O15*10000 -> 1680000 | Y15: =SUM(V15,W15,X15) -> 1800000 | Z15: =B15 -> Fauziah | AA15: =Y15 -> 1800000
A16: 6 | B16: Nabila | C16: Guru | D16: =F16+I16 -> 24 | E16: 24 | F16: =E16-G16-I16 -> 24 | G16: 0 | H16: =E16-G16-I16-J16 -> 24 | I16: 0 | J16: 0 | K16: =E16-G16-L16-M16 -> 24 | L16: 0 | M16: 0 | O16: 176 | U16: =SUM(Q16:T16) -> 0 | V16: =P16*4500*6 -> 0 | W16: =F16*5000 -> 120000 | X16: =O16*10000 -> 1760000 | Y16: =SUM(V16,W16,X16) -> 1880000 | Z16: =B16 -> Nabila | AA16: =Y16 -> 1880000
A17: 7 | B17: Iffa | C17: Guru | D17: =F17+I17 -> 24 | E17: 24 | F17: =E17-G17-I17 -> 24 | G17: 0 | H17: =E17-G17-I17-J17 -> 24 | I17: 0 | J17: 0 | K17: =E17-G17-L17-M17 -> 24 | L17: 0 | M17: 0 | O17: 88 | Q17: 100000 | U17: =SUM(Q17:T17) -> 100000 | V17: =P17*4500*6 -> 0 | W17: =F17*5000 -> 120000 | X17: =O17*10000 -> 880000 | Y17: =SUM(V17,W17,X17) -> 1000000 | Z17: =B17 -> Iffa | AA17: =Y17 -> 1000000
A18: 8 | AA18: =SUM(AA11:AA17) -> 7290000

Sheet Non Tendik
A1: DRAFT STRUKTUR KAFALAH SDIT INSAN RABBANI
A2: TAHUN AJARAN 2026-2027
B3: Periode 26 Juni 2026 s/d 25 Juli 2026
B4: Guru Inval/Honor
B5: =TODAY() -> 46244
A6: A. PEGAWAI TETAP YAYASAN (BERHENTI/DIBERHENTIKAN)
A7: 1 | B7: 2 | D7: 51
A8: NO | B8: NAMA | C8: Jabatan | D8: TOTAL KAFALAH YANG DITERIMA
A11: 1 | B11: Ratna | C11: CS | D11: 1000000
A12: 2 | B12: Misnatun | C12: CS | D12: 1100000
A13: 3 | B13: Harianto | C13: Satpam | D13: 1500000
A14: 4 | B14: Idha Kuratun Ayuni | C14: PJ Masak | D14: 2000000
A15: 5 | B15: Hasrul | C15: PJ Masak | D15: 2000000
A16: 6 | B16: Dahlima | C16: PJ Masak | D16: 1000000
A17: 7 | B17: Nursaki | C17: PJ Masak | D17: 1000000
A18: 8 | D18: =SUM(D11:D17) -> 9600000

Sheet Total Rekap Unit
A6: NO | B6: UNIT | C6: TOTAL KAFALAH
A7: 1 | B7: TK | C7: ='REKAP KAFALAH TK'!F12 -> 9384000
A8: 2 | B8: SD | C8: ='REKAP KAFALAH SD'!F42 -> 93785000
A9: 3 | B9: SMP | C9: ='REKAP KAFALAH SMP'!F17 -> 22158000
A10: 4 | B10: SMA | C10: ='REKAP KAFALAH SMA'!F13 -> 6318000
A11: 5 | B11: Ponpes | C11: ='REKAP KAFALAH PONPES'!F14 -> 14894000
A12: 6 | B12: Inval | C12: ='Guru Inval'!AA18 -> 7290000
A13: 7 | B13: Non Tendik | C13: ='Non Tendik'!D18 -> 9600000
B14: Total | C14: =SUM(C7:C13) -> 163429000
